Period Type,User,Status,Start Time,1,2,3,4,5,6,7,8,9,10,11,12,13,14,15,16,17,18,19,20,> Count,On Hours,User Hours,Active Hours
Month,Student,Active,01/01/22,0.0,0.0,0.0,0.0,0.0,0.0,0.0,0.0,0.0,0.0,0.0,0.0,0.0,0.0,0.0,0.0,0.0,0.0,0.0,0.0,0.0,20.2,0.0,0.0
Month,Student,Active,12/01/21,0.37,0.0,0.0,0.0,0.0,0.0,0.0,0.0,0.0,0.0,0.0,0.0,0.0,0.0,0.0,0.0,0.0,0.0,0.0,0.0,0.0,5.73,0.37,0.37
Month,Student,Active,11/01/21,1.13,0.6,0.0,0.0,0.0,0.0,0.0,0.0,0.0,0.0,0.0,0.0,0.0,0.0,0.0,0.0,0.0,0.0,0.0,0.0,0.0,20.05,2.33,1.73
Month,Student,Active,10/01/21,4.0,1.5,1.25,0.85,0.25,0.58,0.55,0.55,0.47,0.95,0.73,0.43,0.0,0.0,0.0,0.0,0.0,0.0,0.0,0.0,0.0,65.82,54.12,12.12
Month,Student,Active,09/01/21,17.75,3.28,5.27,4.2,1.52,1.55,1.52,1.12,0.53,0.23,0.02,0.0,0.07,0.38,0.0,0.0,0.0,0.0,0.0,0.0,0.0,117.82,106.9,37.43
Month,Student,Active,08/01/21,32.28,23.78,16.42,6.82,2.33,1.13,1.23,0.23,0.07,0.02,0.17,0.13,0.12,0.08,0.0,0.0,0.0,0.0,0.0,0.0,0.0,204.15,192.22,84.82
Month,Student,Active,07/01/21,19.77,8.3,8.32,4.93,3.72,2.6,0.43,0.48,0.43,0.8,1.68,2.03,1.33,0.73,0.32,0.0,0.0,0.0,0.0,0.0,0.0,154.83,209.3,55.88
Month,Student,Active,06/01/21,5.7,4.05,0.93,2.18,1.87,1.15,0.88,0.12,0.22,0.12,0.17,0.03,0.0,0.0,0.0,0.0,0.0,0.0,0.0,0.0,0.0,63.33,54.03,17.42
Month,Student,Active,05/01/21,36.82,24.28,20.27,13.28,6.95,2.87,2.0,1.55,1.9,1.12,1.95,1.73,2.18,1.05,0.52,0.03,0.0,0.0,0.0,0.0,0.0,253.15,399.55,118.5
Month,Student,Active,04/01/21,10.1,7.4,6.38,4.15,1.87,1.95,1.73,1.07,1.07,1.2,1.32,1.55,2.28,1.38,0.65,0.0,0.0,0.0,0.0,0.0,0.0,120.23,215.83,44.1
Month,Student,Active,03/01/21,8.25,4.5,5.87,2.78,4.05,2.87,1.43,1.73,0.95,0.95,0.28,0.33,0.32,0.15,0.0,0.0,0.0,0.0,0.0,0.0,0.0,121.95,138.72,34.47
Month,Student,Active,02/01/21,2.35,3.17,1.8,1.85,0.65,0.4,0.45,0.47,2.07,1.03,1.42,1.47,3.18,3.63,1.5,0.0,0.0,0.0,0.0,0.0,0.0,105.52,210.88,25.43
Month,Student,Active,01/01/21,3.2,0.82,0.88,1.02,0.48,0.27,0.68,1.43,0.83,0.87,0.87,1.0,1.75,0.88,0.17,0.0,0.0,0.0,0.0,0.0,0.0,101.77,107.13,15.15
Month,Student,Active,12/01/20,0.33,2.1,0.3,0.1,0.57,0.0,0.0,0.0,0.0,0.0,0.0,0.0,0.0,0.0,0.0,0.0,0.0,0.0,0.0,0.0,0.0,44.78,8.67,3.4
Month,Student,Active,11/01/20,37.12,29.83,29.43,22.22,15.9,9.97,5.03,3.9,5.78,7.72,7.95,8.9,11.02,9.15,7.25,0.67,0.0,0.0,0.0,0.0,0.0,259.83,1193.88,211.83
Month,Student,Active,10/01/20,9.48,9.72,8.38,4.52,2.98,2.1,0.85,1.78,1.28,1.9,2.0,3.23,0.6,0.12,0.03,0.0,0.0,0.0,0.0,0.0,0.0,148.38,221.15,48.98
Month,Student,Active,09/01/20,1.4,3.45,1.1,1.8,0.2,0.23,0.88,0.17,0.55,0.37,0.12,0.02,0.25,0.0,0.0,0.0,0.0,0.0,0.0,0.0,0.0,128.75,42.07,10.53
Month,Student,Active,08/01/20,3.02,2.1,1.45,0.83,0.2,0.22,0.67,0.35,0.72,0.23,0.35,0.18,0.38,0.38,0.28,0.0,0.0,0.0,0.0,0.0,0.0,95.87,54.1,11.37
Month,Student,Active,07/01/20,2.3,1.6,1.75,1.68,0.5,0.9,0.03,0.0,0.0,0.0,0.0,0.0,0.0,0.0,0.0,0.0,0.0,0.0,0.0,0.0,0.0,127.57,25.62,8.77
Month,Student,Active,06/01/20,0.0,0.0,0.0,0.0,0.0,0.0,0.0,0.0,0.0,0.0,0.0,0.0,0.0,0.0,0.0,0.0,0.0,0.0,0.0,0.0,0.0,17.15,0.0,0.0
Month,Student,Active,05/01/20,0.0,0.0,0.0,0.0,0.0,0.0,0.0,0.0,0.0,0.0,0.0,0.0,0.0,0.0,0.0,0.0,0.0,0.0,0.0,0.0,0.0,0.0,0.0,0.0
Month,Student,Active,04/01/20,0.0,0.0,0.0,0.0,0.0,0.0,0.0,0.0,0.0,0.0,0.0,0.0,0.0,0.0,0.0,0.0,0.0,0.0,0.0,0.0,0.0,0.0,0.0,0.0
Month,Student,Active,03/01/20,2.95,1.83,0.52,1.5,0.12,0.0,0.0,0.0,0.0,0.0,0.0,0.0,0.0,0.0,0.0,0.0,0.0,0.0,0.0,0.0,0.0,79.87,14.75,6.92
Month,Student,Active,02/01/20,2.65,1.13,0.43,0.32,0.08,0.22,0.03,0.07,0.05,0.23,0.05,0.15,0.2,0.35,1.33,0.1,0.0,0.0,0.0,0.0,0.0,131.8,44.2,7.4
Month,Student,Active,01/01/20,4.07,1.22,0.83,0.85,1.05,0.43,0.65,0.85,0.68,1.08,0.75,0.48,0.83,1.38,2.43,1.87,1.37,0.0,0.0,0.0,0.0,106.75,182.43,20.83
Month,Student,Active,12/01/19,0.0,0.0,0.0,0.0,0.0,0.0,0.0,0.0,0.0,0.0,0.0,0.0,0.0,0.0,0.0,0.0,0.0,0.0,0.0,0.0,0.0,6.1,0.0,0.0
Month,Student,Active,11/01/19,2.58,0.83,1.63,0.98,0.58,0.47,0.48,0.38,0.63,1.4,0.88,1.65,2.73,4.3,5.0,4.73,2.78,0.0,0.0,0.0,0.0,110.25,368.25,32.07
Month,Student,Active,10/01/19,3.33,4.57,3.93,3.6,4.03,2.43,2.22,2.37,3.42,3.47,3.12,4.77,5.6,6.87,9.18,12.5,3.52,0.0,0.0,0.0,0.0,152.65,831.25,78.92
Month,Student,Active,09/01/19,6.45,3.88,2.18,1.23,1.7,1.75,1.1,1.27,3.22,2.98,1.75,2.17,3.78,5.3,6.97,6.27,2.55,0.0,0.0,0.0,0.0,142.23,538.07,54.55
Month,Student,Active,08/01/19,2.0,1.08,0.72,0.3,0.12,0.17,0.13,0.13,0.05,0.1,0.07,0.0,0.17,0.1,0.05,0.0,0.0,0.0,0.0,0.0,0.0,7.63,17.6,5.18
Month,Student,All,01/01/22,0.0,0.0,0.0,0.0,0.0,0.0,0.0,0.0,0.0,0.0,0.0,0.0,0.0,0.0,0.0,0.0,0.0,0.0,0.0,0.0,0.0,20.2,0.0,0.0
Month,Student,All,12/01/21,0.4,0.0,0.0,0.0,0.0,0.0,0.0,0.0,0.0,0.0,0.0,0.0,0.0,0.0,0.0,0.0,0.0,0.0,0.0,0.0,0.0,5.73,0.4,0.4
Month,Student,All,11/01/21,1.12,0.63,0.0,0.0,0.0,0.0,0.0,0.0,0.0,0.0,0.0,0.0,0.0,0.0,0.0,0.0,0.0,0.0,0.0,0.0,0.0,20.05,2.38,1.75
Month,Student,All,10/01/21,4.02,1.35,1.2,1.15,0.3,0.57,0.42,0.58,0.43,1.0,0.8,0.48,0.0,0.0,0.0,0.0,0.0,0.0,0.0,0.0,0.0,65.82,55.9,12.3
Month,Student,All,09/01/21,17.95,3.3,5.25,5.17,2.47,1.17,1.17,1.03,0.78,0.83,0.3,0.02,0.05,0.4,0.0,0.0,0.0,0.0,0.0,0.0,0.0,117.82,121.87,39.88
Month,Student,All,08/01/21,30.43,24.32,16.77,9.05,2.65,1.3,1.23,0.3,0.07,0.03,0.15,0.15,0.08,0.12,0.0,0.0,0.0,0.0,0.0,0.0,0.0,204.15,204.75,86.65
Month,Student,All,07/01/21,19.95,7.92,9.35,4.9,3.17,2.48,1.38,0.5,0.42,0.8,1.18,1.85,2.17,0.75,0.33,0.0,0.0,0.0,0.0,0.0,0.0,154.83,218.48,57.15
Month,Student,All,06/01/21,10.27,4.42,1.15,2.5,1.88,1.17,0.98,0.1,0.17,0.18,0.13,0.08,0.0,0.0,0.0,0.0,0.0,0.0,0.0,0.0,0.0,63.33,62.45,23.03
Month,Student,All,05/01/21,37.93,26.35,20.28,13.28,7.2,3.95,2.52,1.7,1.65,1.18,1.63,1.8,2.48,1.28,0.62,0.05,0.0,0.0,0.0,0.0,0.0,253.15,422.08,123.92
Month,Student,All,04/01/21,13.63,7.8,6.68,5.02,2.02,1.87,1.53,1.13,0.97,0.95,1.9,1.03,2.2,2.02,0.82,0.0,0.0,0.0,0.0,0.0,0.0,120.23,231.02,49.57
Month,Student,All,03/01/21,11.38,4.53,4.72,3.92,3.92,2.87,1.83,1.43,1.03,1.03,0.3,0.47,0.3,0.22,0.0,0.0,0.0,0.0,0.0,0.0,0.0,121.95,146.82,37.95
Month,Student,All,02/01/21,2.78,3.93,2.4,1.8,0.72,0.48,0.35,0.45,0.6,1.98,1.38,1.3,2.48,4.23,2.6,0.07,0.0,0.0,0.0,0.0,0.0,105.52,225.25,27.57
Month,Student,All,01/01/21,2.58,1.67,0.77,0.93,0.65,0.32,0.53,1.33,0.93,0.7,1.0,0.78,1.42,1.53,0.5,0.0,0.0,0.0,0.0,0.0,0.0,101.77,114.68,15.65
Month,Student,All,12/01/20,0.48,2.12,0.3,0.08,0.58,0.0,0.0,0.0,0.0,0.0,0.0,0.0,0.0,0.0,0.0,0.0,0.0,0.0,0.0,0.0,0.0,44.78,8.87,3.57
Month,Student,All,11/01/20,38.02,34.95,27.8,22.15,18.93,11.23,6.27,3.45,5.03,6.28,6.7,6.12,10.32,14.75,10.78,1.17,0.0,0.0,0.0,0.0,0.0,259.83,1289.72,223.95
Month,Student,All,10/01/20,8.22,9.07,8.72,4.8,3.4,2.57,1.88,1.83,1.38,2.0,1.05,4.3,1.9,0.25,0.07,0.0,0.0,0.0,0.0,0.0,0.0,148.38,256.75,51.43
Month,Student,All,09/01/20,2.25,5.97,2.52,1.87,0.3,0.1,0.23,0.22,0.6,1.12,0.2,0.03,0.27,0.0,0.0,0.0,0.0,0.0,0.0,0.0,0.0,128.75,57.3,15.67
Month,Student,All,08/01/20,2.35,4.83,1.42,0.42,0.25,0.52,0.98,0.25,0.65,0.38,0.58,0.3,0.23,0.5,0.23,0.3,0.0,0.0,0.0,0.0,0.0,95.87,69.2,14.2
Month,Student,All,07/01/20,2.7,1.47,1.25,1.35,0.4,1.27,2.0,0.17,0.0,0.0,0.0,0.0,0.0,0.0,0.0,0.0,0.0,0.0,0.0,0.0,0.0,127.57,39.72,10.6
Month,Student,All,06/01/20,0.0,0.0,0.0,0.0,0.0,0.0,0.0,0.0,0.0,0.0,0.0,0.0,0.0,0.0,0.0,0.0,0.0,0.0,0.0,0.0,0.0,17.15,0.0,0.0
Month,Student,All,05/01/20,0.0,0.0,0.0,0.0,0.0,0.0,0.0,0.0,0.0,0.0,0.0,0.0,0.0,0.0,0.0,0.0,0.0,0.0,0.0,0.0,0.0,0.0,0.0,0.0
Month,Student,All,04/01/20,0.0,0.0,0.0,0.0,0.0,0.0,0.0,0.0,0.0,0.0,0.0,0.0,0.0,0.0,0.0,0.0,0.0,0.0,0.0,0.0,0.0,0.0,0.0,0.0
Month,Student,All,03/01/20,3.42,1.82,0.63,0.7,0.97,0.03,0.0,0.0,0.0,0.0,0.0,0.0,0.0,0.0,0.0,0.0,0.0,0.0,0.0,0.0,0.0,79.87,16.78,7.57
Month,Student,All,02/01/20,7.53,1.2,0.57,0.28,0.1,0.18,0.08,0.05,0.05,0.07,0.2,0.12,0.15,0.18,0.47,1.3,0.0,0.0,0.0,0.0,0.0,131.8,52.38,12.53
Month,Student,All,01/01/20,7.12,2.45,0.75,0.67,0.77,0.62,0.97,0.73,0.72,0.5,0.95,0.55,0.7,0.67,1.4,3.85,2.28,0.0,0.0,0.0,0.0,106.75,205.45,25.68
Month,Student,All,12/01/19,0.0,0.0,0.0,0.0,0.0,0.0,0.0,0.0,0.0,0.0,0.0,0.0,0.0,0.0,0.0,0.0,0.0,0.0,0.0,0.0,0.0,6.1,0.0,0.0
Month,Student,All,11/01/19,3.08,1.05,1.17,0.88,0.68,0.52,0.38,0.57,0.53,1.0,0.67,1.07,2.05,2.67,5.62,6.93,4.12,0.0,0.0,0.0,0.0,110.25,390.03,32.98
Month,Student,All,10/01/19,1.65,4.32,3.38,5.07,1.8,4.62,2.83,2.3,2.85,2.98,2.48,3.88,4.82,5.58,9.6,14.37,8.48,0.0,0.0,0.0,0.0,152.65,903.9,81.02
Month,Student,All,09/01/19,9.0,4.12,2.15,0.92,1.33,1.97,1.35,0.98,1.93,2.3,1.72,2.75,3.97,5.18,7.92,9.03,4.03,0.0,0.0,0.0,0.0,142.23,611.4,60.65
Month,Student,All,08/01/19,1.42,1.77,0.82,0.05,0.07,0.02,0.27,0.1,0.02,0.02,0.08,0.5,0.35,0.02,0.15,0.02,0.0,0.0,0.0,0.0,0.0,7.63,25.23,5.65
Month,Teacher,Active,01/01/22,5.63,0.0,0.0,0.0,0.0,0.0,0.0,0.0,0.0,0.0,0.0,0.0,0.0,0.0,0.0,0.0,0.0,0.0,0.0,0.0,0.0,20.2,5.63,5.63
Month,Teacher,Active,12/01/21,4.73,0.07,0.03,0.0,0.0,0.0,0.0,0.0,0.0,0.0,0.0,0.0,0.0,0.0,0.0,0.0,0.0,0.0,0.0,0.0,0.0,5.73,4.97,4.83
Month,Teacher,Active,11/01/21,1.22,0.0,0.0,0.0,0.0,0.0,0.0,0.0,0.0,0.0,0.0,0.0,0.0,0.0,0.0,0.0,0.0,0.0,0.0,0.0,0.0,20.05,1.22,1.22
Month,Teacher,Active,10/01/21,4.65,0.0,0.0,0.0,0.0,0.0,0.0,0.0,0.0,0.0,0.0,0.0,0.0,0.0,0.0,0.0,0.0,0.0,0.0,0.0,0.0,65.82,4.65,4.65
Month,Teacher,Active,09/01/21,19.8,3.42,0.02,0.0,0.0,0.0,0.0,0.0,0.0,0.0,0.0,0.0,0.0,0.0,0.0,0.0,0.0,0.0,0.0,0.0,0.0,117.82,26.68,23.23
Month,Teacher,Active,08/01/21,72.13,10.9,0.0,0.0,0.0,0.0,0.0,0.0,0.0,0.0,0.0,0.0,0.0,0.0,0.0,0.0,0.0,0.0,0.0,0.0,0.0,204.15,93.93,83.03
Month,Teacher,Active,07/01/21,45.85,6.68,0.0,0.0,0.0,0.0,0.0,0.0,0.0,0.0,0.0,0.0,0.0,0.0,0.0,0.0,0.0,0.0,0.0,0.0,0.0,154.83,59.22,52.53
Month,Teacher,Active,06/01/21,18.05,14.03,2.28,0.27,0.0,0.0,0.0,0.0,0.0,0.0,0.0,0.0,0.0,0.0,0.0,0.0,0.0,0.0,0.0,0.0,0.0,63.33,54.03,34.63
Month,Teacher,Active,05/01/21,73.3,10.42,0.0,0.0,0.0,0.0,0.0,0.0,0.0,0.0,0.0,0.0,0.0,0.0,0.0,0.0,0.0,0.0,0.0,0.0,0.0,253.15,94.13,83.72
Month,Teacher,Active,04/01/21,46.97,4.9,0.03,0.0,0.0,0.0,0.0,0.0,0.0,0.0,0.0,0.0,0.0,0.0,0.0,0.0,0.0,0.0,0.0,0.0,0.0,120.23,56.87,51.9
Month,Teacher,Active,03/01/21,35.55,15.82,0.08,0.0,0.0,0.0,0.0,0.0,0.0,0.0,0.0,0.0,0.0,0.0,0.0,0.0,0.0,0.0,0.0,0.0,0.0,121.95,67.43,51.45
Month,Teacher,Active,02/01/21,37.55,0.0,0.0,0.0,0.0,0.0,0.0,0.0,0.0,0.0,0.0,0.0,0.0,0.0,0.0,0.0,0.0,0.0,0.0,0.0,0.0,105.52,37.55,37.55
Month,Teacher,Active,01/01/21,48.03,13.15,0.0,0.0,0.0,0.0,0.0,0.0,0.0,0.0,0.0,0.0,0.0,0.0,0.0,0.0,0.0,0.0,0.0,0.0,0.0,101.77,74.33,61.18
Month,Teacher,Active,12/01/20,18.63,6.72,1.3,0.0,0.0,0.0,0.0,0.0,0.0,0.0,0.0,0.0,0.0,0.0,0.0,0.0,0.0,0.0,0.0,0.0,0.0,44.78,35.97,26.65
Month,Teacher,Active,11/01/20,24.53,2.75,0.0,0.0,0.0,0.0,0.0,0.0,0.0,0.0,0.0,0.0,0.0,0.0,0.0,0.0,0.0,0.0,0.0,0.0,0.0,259.83,30.03,27.28
Month,Teacher,Active,10/01/20,35.25,6.08,0.57,0.0,0.0,0.0,0.0,0.0,0.0,0.0,0.0,0.0,0.0,0.0,0.0,0.0,0.0,0.0,0.0,0.0,0.0,148.38,49.12,41.9
Month,Teacher,Active,09/01/20,44.62,8.8,2.37,0.93,0.3,0.0,0.0,0.0,0.0,0.0,0.0,0.0,0.0,0.0,0.0,0.0,0.0,0.0,0.0,0.0,0.0,128.75,74.55,57.02
Month,Teacher,Active,08/01/20,24.45,7.45,1.23,0.0,0.0,0.0,0.0,0.0,0.0,0.0,0.0,0.0,0.0,0.0,0.0,0.0,0.0,0.0,0.0,0.0,0.0,95.87,43.05,33.13
Month,Teacher,Active,07/01/20,34.83,13.63,3.83,2.55,0.08,0.0,0.0,0.0,0.0,0.0,0.0,0.0,0.0,0.0,0.0,0.0,0.0,0.0,0.0,0.0,0.0,127.57,84.22,54.93
Month,Teacher,Active,06/01/20,3.83,0.85,0.13,0.0,0.0,0.0,0.0,0.0,0.0,0.0,0.0,0.0,0.0,0.0,0.0,0.0,0.0,0.0,0.0,0.0,0.0,17.15,5.93,4.82
Month,Teacher,Active,05/01/20,0.0,0.0,0.0,0.0,0.0,0.0,0.0,0.0,0.0,0.0,0.0,0.0,0.0,0.0,0.0,0.0,0.0,0.0,0.0,0.0,0.0,0.0,0.0,0.0
Month,Teacher,Active,04/01/20,0.0,0.0,0.0,0.0,0.0,0.0,0.0,0.0,0.0,0.0,0.0,0.0,0.0,0.0,0.0,0.0,0.0,0.0,0.0,0.0,0.0,0.0,0.0,0.0
Month,Teacher,Active,03/01/20,28.35,11.9,2.65,0.35,0.0,0.0,0.0,0.0,0.0,0.0,0.0,0.0,0.0,0.0,0.0,0.0,0.0,0.0,0.0,0.0,0.0,79.87,61.5,43.25
Month,Teacher,Active,02/01/20,56.97,18.47,3.22,0.0,0.0,0.0,0.0,0.0,0.0,0.0,0.0,0.0,0.0,0.0,0.0,0.0,0.0,0.0,0.0,0.0,0.0,131.8,103.55,78.65
Month,Teacher,Active,01/01/20,33.27,1.67,0.15,0.0,0.0,0.0,0.0,0.0,0.0,0.0,0.0,0.0,0.0,0.0,0.0,0.0,0.0,0.0,0.0,0.0,0.0,106.75,37.05,35.08
Month,Teacher,Active,12/01/19,2.57,0.0,0.0,0.0,0.0,0.0,0.0,0.0,0.0,0.0,0.0,0.0,0.0,0.0,0.0,0.0,0.0,0.0,0.0,0.0,0.0,6.1,2.57,2.57
Month,Teacher,Active,11/01/19,30.22,1.78,0.38,0.0,0.0,0.0,0.0,0.0,0.0,0.0,0.0,0.0,0.0,0.0,0.0,0.0,0.0,0.0,0.0,0.0,0.0,110.25,34.93,32.38
Month,Teacher,Active,10/01/19,32.88,9.5,1.42,0.0,0.0,0.0,0.0,0.0,0.0,0.0,0.0,0.0,0.0,0.0,0.0,0.0,0.0,0.0,0.0,0.0,0.0,152.65,56.13,43.8
Month,Teacher,Active,09/01/19,56.25,15.15,6.3,0.55,0.22,0.2,0.02,0.03,0.02,0.02,0.0,0.02,0.0,0.0,0.0,0.0,0.0,0.0,0.0,0.0,0.0,142.23,110.83,78.77
Month,Teacher,Active,08/01/19,2.3,1.15,0.75,0.0,0.0,0.0,0.0,0.0,0.0,0.0,0.0,0.0,0.0,0.0,0.0,0.0,0.0,0.0,0.0,0.0,0.0,7.63,6.85,4.2
Month,Teacher,All,01/01/22,5.63,0.0,0.0,0.0,0.0,0.0,0.0,0.0,0.0,0.0,0.0,0.0,0.0,0.0,0.0,0.0,0.0,0.0,0.0,0.0,0.0,20.2,5.63,5.63
Month,Teacher,All,12/01/21,4.73,0.07,0.03,0.0,0.0,0.0,0.0,0.0,0.0,0.0,0.0,0.0,0.0,0.0,0.0,0.0,0.0,0.0,0.0,0.0,0.0,5.73,4.97,4.83
Month,Teacher,All,11/01/21,1.22,0.0,0.0,0.0,0.0,0.0,0.0,0.0,0.0,0.0,0.0,0.0,0.0,0.0,0.0,0.0,0.0,0.0,0.0,0.0,0.0,20.05,1.22,1.22
Month,Teacher,All,10/01/21,4.65,0.0,0.0,0.0,0.0,0.0,0.0,0.0,0.0,0.0,0.0,0.0,0.0,0.0,0.0,0.0,0.0,0.0,0.0,0.0,0.0,65.82,4.65,4.65
Month,Teacher,All,09/01/21,19.8,3.42,0.02,0.0,0.0,0.0,0.0,0.0,0.0,0.0,0.0,0.0,0.0,0.0,0.0,0.0,0.0,0.0,0.0,0.0,0.0,117.82,26.68,23.23
Month,Teacher,All,08/01/21,72.13,10.9,0.0,0.0,0.0,0.0,0.0,0.0,0.0,0.0,0.0,0.0,0.0,0.0,0.0,0.0,0.0,0.0,0.0,0.0,0.0,204.15,93.93,83.03
Month,Teacher,All,07/01/21,45.85,6.68,0.0,0.0,0.0,0.0,0.0,0.0,0.0,0.0,0.0,0.0,0.0,0.0,0.0,0.0,0.0,0.0,0.0,0.0,0.0,154.83,59.22,52.53
Month,Teacher,All,06/01/21,18.05,14.03,2.28,0.27,0.0,0.0,0.0,0.0,0.0,0.0,0.0,0.0,0.0,0.0,0.0,0.0,0.0,0.0,0.0,0.0,0.0,63.33,54.03,34.63
Month,Teacher,All,05/01/21,73.3,10.42,0.0,0.0,0.0,0.0,0.0,0.0,0.0,0.0,0.0,0.0,0.0,0.0,0.0,0.0,0.0,0.0,0.0,0.0,0.0,253.15,94.13,83.72
Month,Teacher,All,04/01/21,46.97,4.9,0.03,0.0,0.0,0.0,0.0,0.0,0.0,0.0,0.0,0.0,0.0,0.0,0.0,0.0,0.0,0.0,0.0,0.0,0.0,120.23,56.87,51.9
Month,Teacher,All,03/01/21,35.55,15.82,0.08,0.0,0.0,0.0,0.0,0.0,0.0,0.0,0.0,0.0,0.0,0.0,0.0,0.0,0.0,0.0,0.0,0.0,0.0,121.95,67.43,51.45
Month,Teacher,All,02/01/21,37.55,0.0,0.0,0.0,0.0,0.0,0.0,0.0,0.0,0.0,0.0,0.0,0.0,0.0,0.0,0.0,0.0,0.0,0.0,0.0,0.0,105.52,37.55,37.55
Month,Teacher,All,01/01/21,48.03,13.15,0.0,0.0,0.0,0.0,0.0,0.0,0.0,0.0,0.0,0.0,0.0,0.0,0.0,0.0,0.0,0.0,0.0,0.0,0.0,101.77,74.33,61.18
Month,Teacher,All,12/01/20,18.63,6.72,1.3,0.0,0.0,0.0,0.0,0.0,0.0,0.0,0.0,0.0,0.0,0.0,0.0,0.0,0.0,0.0,0.0,0.0,0.0,44.78,35.97,26.65
Month,Teacher,All,11/01/20,24.53,2.75,0.0,0.0,0.0,0.0,0.0,0.0,0.0,0.0,0.0,0.0,0.0,0.0,0.0,0.0,0.0,0.0,0.0,0.0,0.0,259.83,30.03,27.28
Month,Teacher,All,10/01/20,35.25,6.08,0.57,0.0,0.0,0.0,0.0,0.0,0.0,0.0,0.0,0.0,0.0,0.0,0.0,0.0,0.0,0.0,0.0,0.0,0.0,148.38,49.12,41.9
Month,Teacher,All,09/01/20,44.62,8.8,2.37,0.93,0.3,0.0,0.0,0.0,0.0,0.0,0.0,0.0,0.0,0.0,0.0,0.0,0.0,0.0,0.0,0.0,0.0,128.75,74.55,57.02
Month,Teacher,All,08/01/20,24.45,7.45,1.23,0.0,0.0,0.0,0.0,0.0,0.0,0.0,0.0,0.0,0.0,0.0,0.0,0.0,0.0,0.0,0.0,0.0,0.0,95.87,43.05,33.13
Month,Teacher,All,07/01/20,34.83,13.63,3.83,2.55,0.08,0.0,0.0,0.0,0.0,0.0,0.0,0.0,0.0,0.0,0.0,0.0,0.0,0.0,0.0,0.0,0.0,127.57,84.22,54.93
Month,Teacher,All,06/01/20,3.83,0.85,0.13,0.0,0.0,0.0,0.0,0.0,0.0,0.0,0.0,0.0,0.0,0.0,0.0,0.0,0.0,0.0,0.0,0.0,0.0,17.15,5.93,4.82
Month,Teacher,All,05/01/20,0.0,0.0,0.0,0.0,0.0,0.0,0.0,0.0,0.0,0.0,0.0,0.0,0.0,0.0,0.0,0.0,0.0,0.0,0.0,0.0,0.0,0.0,0.0,0.0
Month,Teacher,All,04/01/20,0.0,0.0,0.0,0.0,0.0,0.0,0.0,0.0,0.0,0.0,0.0,0.0,0.0,0.0,0.0,0.0,0.0,0.0,0.0,0.0,0.0,0.0,0.0,0.0
Month,Teacher,All,03/01/20,28.35,11.9,2.65,0.35,0.0,0.0,0.0,0.0,0.0,0.0,0.0,0.0,0.0,0.0,0.0,0.0,0.0,0.0,0.0,0.0,0.0,79.87,61.5,43.25
Month,Teacher,All,02/01/20,56.97,18.47,3.22,0.0,0.0,0.0,0.0,0.0,0.0,0.0,0.0,0.0,0.0,0.0,0.0,0.0,0.0,0.0,0.0,0.0,0.0,131.8,103.55,78.65
Month,Teacher,All,01/01/20,33.27,1.67,0.15,0.0,0.0,0.0,0.0,0.0,0.0,0.0,0.0,0.0,0.0,0.0,0.0,0.0,0.0,0.0,0.0,0.0,0.0,106.75,37.05,35.08
Month,Teacher,All,12/01/19,2.57,0.0,0.0,0.0,0.0,0.0,0.0,0.0,0.0,0.0,0.0,0.0,0.0,0.0,0.0,0.0,0.0,0.0,0.0,0.0,0.0,6.1,2.57,2.57
Month,Teacher,All,11/01/19,30.22,1.78,0.38,0.0,0.0,0.0,0.0,0.0,0.0,0.0,0.0,0.0,0.0,0.0,0.0,0.0,0.0,0.0,0.0,0.0,0.0,110.25,34.93,32.38
Month,Teacher,All,10/01/19,32.88,9.5,1.42,0.0,0.0,0.0,0.0,0.0,0.0,0.0,0.0,0.0,0.0,0.0,0.0,0.0,0.0,0.0,0.0,0.0,0.0,152.65,56.13,43.8
Month,Teacher,All,09/01/19,56.25,15.15,6.3,0.55,0.22,0.2,0.02,0.03,0.02,0.02,0.0,0.02,0.0,0.0,0.0,0.0,0.0,0.0,0.0,0.0,0.0,142.23,110.83,78.77
Month,Teacher,All,08/01/19,2.3,1.15,0.75,0.0,0.0,0.0,0.0,0.0,0.0,0.0,0.0,0.0,0.0,0.0,0.0,0.0,0.0,0.0,0.0,0.0,0.0,7.63,6.85,4.2
Week,Student,Active,01/24/22,0.0,0.0,0.0,0.0,0.0,0.0,0.0,0.0,0.0,0.0,0.0,0.0,0.0,0.0,0.0,0.0,0.0,0.0,0.0,0.0,0.0,9.38,0.0,0.0
Week,Student,Active,01/17/22,0.0,0.0,0.0,0.0,0.0,0.0,0.0,0.0,0.0,0.0,0.0,0.0,0.0,0.0,0.0,0.0,0.0,0.0,0.0,0.0,0.0,10.82,0.0,0.0
Week,Student,Active,01/10/22,0.0,0.0,0.0,0.0,0.0,0.0,0.0,0.0,0.0,0.0,0.0,0.0,0.0,0.0,0.0,0.0,0.0,0.0,0.0,0.0,0.0,0.0,0.0,0.0
Week,Student,Active,01/03/22,0.0,0.0,0.0,0.0,0.0,0.0,0.0,0.0,0.0,0.0,0.0,0.0,0.0,0.0,0.0,0.0,0.0,0.0,0.0,0.0,0.0,0.0,0.0,0.0
Week,Student,Active,12/27/21,0.0,0.0,0.0,0.0,0.0,0.0,0.0,0.0,0.0,0.0,0.0,0.0,0.0,0.0,0.0,0.0,0.0,0.0,0.0,0.0,0.0,0.0,0.0,0.0
Week,Student,Active,12/20/21,0.0,0.0,0.0,0.0,0.0,0.0,0.0,0.0,0.0,0.0,0.0,0.0,0.0,0.0,0.0,0.0,0.0,0.0,0.0,0.0,0.0,0.0,0.0,0.0
Week,Student,Active,12/13/21,0.0,0.0,0.0,0.0,0.0,0.0,0.0,0.0,0.0,0.0,0.0,0.0,0.0,0.0,0.0,0.0,0.0,0.0,0.0,0.0,0.0,0.0,0.0,0.0
Week,Student,Active,12/06/21,0.37,0.0,0.0,0.0,0.0,0.0,0.0,0.0,0.0,0.0,0.0,0.0,0.0,0.0,0.0,0.0,0.0,0.0,0.0,0.0,0.0,5.73,0.37,0.37
Week,Student,Active,11/29/21,0.0,0.0,0.0,0.0,0.0,0.0,0.0,0.0,0.0,0.0,0.0,0.0,0.0,0.0,0.0,0.0,0.0,0.0,0.0,0.0,0.0,0.0,0.0,0.0
Week,Student,Active,11/22/21,0.0,0.0,0.0,0.0,0.0,0.0,0.0,0.0,0.0,0.0,0.0,0.0,0.0,0.0,0.0,0.0,0.0,0.0,0.0,0.0,0.0,6.22,0.0,0.0
Week,Student,Active,11/15/21,0.0,0.0,0.0,0.0,0.0,0.0,0.0,0.0,0.0,0.0,0.0,0.0,0.0,0.0,0.0,0.0,0.0,0.0,0.0,0.0,0.0,2.97,0.0,0.0
Week,Student,Active,11/08/21,0.0,0.0,0.0,0.0,0.0,0.0,0.0,0.0,0.0,0.0,0.0,0.0,0.0,0.0,0.0,0.0,0.0,0.0,0.0,0.0,0.0,0.0,0.0,0.0
Week,Student,Active,11/01/21,1.13,0.6,0.0,0.0,0.0,0.0,0.0,0.0,0.0,0.0,0.0,0.0,0.0,0.0,0.0,0.0,0.0,0.0,0.0,0.0,0.0,10.87,2.33,1.73
Week,Student,Active,10/25/21,0.0,0.0,0.0,0.0,0.0,0.0,0.0,0.0,0.0,0.0,0.0,0.0,0.0,0.0,0.0,0.0,0.0,0.0,0.0,0.0,0.0,4.95,0.0,0.0
Week,Student,Active,10/18/21,0.0,0.0,0.0,0.0,0.0,0.0,0.0,0.0,0.0,0.0,0.0,0.0,0.0,0.0,0.0,0.0,0.0,0.0,0.0,0.0,0.0,14.92,0.0,0.0
Week,Student,Active,10/11/21,0.02,0.0,0.0,0.0,0.0,0.0,0.0,0.0,0.0,0.0,0.0,0.0,0.0,0.0,0.0,0.0,0.0,0.0,0.0,0.0,0.0,9.93,0.02,0.02
Week,Student,Active,10/04/21,1.47,0.95,1.2,0.62,0.25,0.58,0.55,0.55,0.47,0.95,0.73,0.43,0.0,0.0,0.0,0.0,0.0,0.0,0.0,0.0,0.0,28.82,49.4,8.75
Week,Student,Active,09/27/21,6.23,2.23,0.27,0.43,0.88,0.92,0.78,0.83,0.5,0.15,0.0,0.0,0.0,0.0,0.0,0.0,0.0,0.0,0.0,0.0,0.0,42.22,41.3,13.23
Week,Student,Active,09/20/21,2.08,0.5,0.88,0.9,0.03,0.2,0.43,0.12,0.0,0.0,0.0,0.0,0.0,0.0,0.0,0.0,0.0,0.0,0.0,0.0,0.0,33.47,14.67,5.15
Week,Student,Active,09/13/21,0.0,0.0,0.0,0.0,0.0,0.0,0.0,0.0,0.0,0.0,0.0,0.0,0.0,0.0,0.0,0.0,0.0,0.0,0.0,0.0,0.0,0.0,0.0,0.0
Week,Student,Active,09/06/21,5.12,0.07,1.18,0.6,0.05,0.35,0.03,0.12,0.0,0.0,0.0,0.0,0.0,0.0,0.0,0.0,0.0,0.0,0.0,0.0,0.0,11.27,14.72,7.52
Week,Student,Active,08/30/21,9.58,2.48,4.78,2.72,0.9,0.18,0.4,0.13,0.03,0.08,0.02,0.0,0.07,0.38,0.0,0.0,0.0,0.0,0.0,0.0,0.0,49.92,56.78,21.77
Week,Student,Active,08/23/21,4.92,0.83,1.17,0.32,0.3,0.27,0.55,0.13,0.02,0.02,0.17,0.13,0.12,0.08,0.0,0.0,0.0,0.0,0.0,0.0,0.0,41.68,25.8,9.02
Week,Student,Active,08/16/21,6.48,2.75,0.72,0.25,0.67,0.15,0.15,0.0,0.0,0.0,0.0,0.0,0.0,0.0,0.0,0.0,0.0,0.0,0.0,0.0,0.0,43.87,20.42,11.17
Week,Student,Active,08/09/21,9.52,8.88,7.18,3.33,0.35,0.2,0.23,0.02,0.05,0.0,0.0,0.0,0.0,0.0,0.0,0.0,0.0,0.0,0.0,0.0,0.0,40.98,67.33,29.77
Week,Student,Active,08/02/21,6.97,7.83,4.22,2.5,0.65,0.42,0.17,0.0,0.0,0.0,0.0,0.0,0.0,0.0,0.0,0.0,0.0,0.0,0.0,0.0,0.0,60.47,52.2,22.75
Week,Student,Active,07/26/21,7.78,4.7,3.45,1.0,0.17,0.3,0.0,0.0,0.0,0.0,0.0,0.0,0.0,0.0,0.0,0.0,0.0,0.0,0.0,0.0,0.0,52.53,34.17,17.4
Week,Student,Active,07/19/21,7.57,2.38,3.1,1.68,1.33,1.07,0.17,0.1,0.08,0.18,0.27,0.27,0.32,0.12,0.0,0.0,0.0,0.0,0.0,0.0,0.0,39.08,57.87,18.63
Week,Student,Active,07/12/21,5.77,2.55,2.22,1.77,1.75,1.22,0.13,0.18,0.12,0.12,1.0,1.22,0.95,0.62,0.32,0.0,0.0,0.0,0.0,0.0,0.0,44.12,96.58,19.92
Week,Student,Active,07/05/21,0.3,0.7,0.88,0.68,0.48,0.02,0.13,0.2,0.23,0.5,0.42,0.55,0.07,0.0,0.0,0.0,0.0,0.0,0.0,0.0,0.0,24.4,31.28,5.17
Week,Student,Active,06/28/21,0.0,0.0,0.0,0.0,0.0,0.0,0.0,0.0,0.0,0.0,0.0,0.0,0.0,0.0,0.0,0.0,0.0,0.0,0.0,0.0,0.0,0.0,0.0,0.0
Week,Student,Active,06/21/21,0.0,0.0,0.0,0.0,0.0,0.0,0.0,0.0,0.0,0.0,0.0,0.0,0.0,0.0,0.0,0.0,0.0,0.0,0.0,0.0,0.0,0.63,0.0,0.0
Week,Student,Active,06/14/21,0.12,0.32,0.0,0.0,0.0,0.0,0.0,0.0,0.0,0.0,0.0,0.0,0.0,0.0,0.0,0.0,0.0,0.0,0.0,0.0,0.0,14.7,0.75,0.43
Week,Student,Active,06/07/21,0.0,0.0,0.0,0.0,0.0,0.0,0.0,0.0,0.0,0.0,0.0,0.0,0.0,0.0,0.0,0.0,0.0,0.0,0.0,0.0,0.0,4.92,0.0,0.0
Week,Student,Active,05/31/21,6.45,3.8,0.97,2.2,1.87,1.15,0.88,0.12,0.22,0.12,0.17,0.03,0.0,0.0,0.0,0.0,0.0,0.0,0.0,0.0,0.0,52.35,54.45,17.97
Week,Student,Active,05/24/21,12.62,8.25,4.98,2.93,1.7,0.42,0.4,0.35,0.55,0.42,1.13,0.75,0.57,0.0,0.0,0.0,0.0,0.0,0.0,0.0,0.0,69.83,110.35,35.07
Week,Student,Active,05/17/21,8.9,5.42,6.25,3.93,2.58,1.2,0.78,0.77,0.98,0.38,0.37,0.4,0.7,0.42,0.42,0.0,0.0,0.0,0.0,0.0,0.0,65.22,128.65,33.5
Week,Student,Active,05/10/21,4.68,1.17,1.62,0.35,0.18,0.05,0.07,0.03,0.08,0.2,0.35,0.55,0.87,0.63,0.1,0.03,0.0,0.0,0.0,0.0,0.0,31.73,50.58,10.97
Week,Student,Active,05/03/21,4.7,7.38,4.43,3.03,1.77,0.75,0.17,0.0,0.07,0.03,0.1,0.03,0.05,0.0,0.0,0.0,0.0,0.0,0.0,0.0,0.0,57.45,62.48,22.52
Week,Student,Active,04/26/21,5.83,3.55,5.5,4.8,1.25,0.75,0.88,0.77,0.63,0.55,0.37,0.38,1.67,1.17,0.65,0.0,0.0,0.0,0.0,0.0,0.0,51.35,139.28,28.75
Week,Student,Active,04/19/21,2.53,4.53,3.05,1.95,1.28,1.57,1.4,0.63,0.52,0.38,0.8,0.6,0.28,0.22,0.0,0.0,0.0,0.0,0.0,0.0,0.0,53.5,90.43,19.75
Week,Student,Active,04/12/21,6.78,1.32,0.78,0.42,0.05,0.08,0.03,0.07,0.13,0.35,0.15,0.57,0.33,0.0,0.0,0.0,0.0,0.0,0.0,0.0,0.0,35.03,32.43,11.07
Week,Student,Active,04/05/21,0.0,0.0,0.0,0.0,0.0,0.0,0.0,0.0,0.0,0.0,0.0,0.0,0.0,0.0,0.0,0.0,0.0,0.0,0.0,0.0,0.0,0.0,0.0,0.0
Week,Student,Active,03/29/21,0.0,0.0,0.0,0.0,0.0,0.0,0.0,0.0,0.0,0.0,0.0,0.0,0.0,0.0,0.0,0.0,0.0,0.0,0.0,0.0,0.0,0.0,0.0,0.0
Week,Student,Active,03/22/21,3.47,1.07,1.58,1.02,0.55,0.07,0.05,0.28,0.13,0.02,0.02,0.08,0.15,0.15,0.0,0.0,0.0,0.0,0.0,0.0,0.0,33.28,26.78,8.63
Week,Student,Active,03/15/21,3.85,1.13,2.65,1.13,1.92,1.13,0.18,1.03,0.65,0.68,0.1,0.23,0.17,0.0,0.0,0.0,0.0,0.0,0.0,0.0,0.0,31.72,63.28,14.87
Week,Student,Active,03/08/21,0.1,0.1,0.08,0.05,0.02,0.08,0.03,0.2,0.17,0.25,0.17,0.02,0.0,0.0,0.0,0.0,0.0,0.0,0.0,0.0,0.0,23.63,9.2,1.27
Week,Student,Active,03/01/21,0.83,2.2,1.55,0.58,1.57,1.58,1.17,0.22,0.0,0.0,0.0,0.0,0.0,0.0,0.0,0.0,0.0,0.0,0.0,0.0,0.0,33.32,39.45,9.7
Week,Student,Active,02/22/21,0.1,0.63,0.43,0.25,0.12,0.27,0.27,0.15,0.37,0.32,0.38,0.28,0.3,0.05,0.0,0.0,0.0,0.0,0.0,0.0,0.0,30.4,27.6,3.92
Week,Student,Active,02/15/21,1.23,1.33,0.6,0.08,0.02,0.05,0.07,0.08,0.22,0.27,0.35,0.6,1.17,1.43,0.85,0.0,0.0,0.0,0.0,0.0,0.0,15.23,71.2,8.35
Week,Student,Active,02/08/21,0.37,0.83,0.25,0.05,0.08,0.05,0.05,0.12,0.3,0.13,0.47,0.48,0.93,1.15,0.5,0.0,0.0,0.0,0.0,0.0,0.0,28.58,55.68,5.77
Week,Student,Active,02/01/21,0.65,0.37,0.52,1.47,0.43,0.03,0.07,0.12,1.18,0.32,0.22,0.1,0.78,1.0,0.15,0.0,0.0,0.0,0.0,0.0,0.0,31.3,56.4,7.4
Week,Student,Active,01/25/21,1.77,0.15,0.2,0.42,0.17,0.03,0.25,0.35,0.35,0.07,0.17,0.22,0.52,0.72,0.13,0.0,0.0,0.0,0.0,0.0,0.0,36.98,36.92,5.5
Week,Student,Active,01/18/21,0.5,0.63,0.65,0.58,0.27,0.15,0.13,0.17,0.3,0.42,0.4,0.37,0.47,0.02,0.03,0.0,0.0,0.0,0.0,0.0,0.0,30.9,33.02,5.08
Week,Student,Active,01/11/21,0.93,0.03,0.03,0.02,0.05,0.08,0.3,0.92,0.18,0.38,0.3,0.42,0.77,0.15,0.0,0.0,0.0,0.0,0.0,0.0,0.0,27.52,37.2,4.57
Week,Student,Active,01/04/21,0.0,0.0,0.0,0.0,0.0,0.0,0.0,0.0,0.0,0.0,0.0,0.0,0.0,0.0,0.0,0.0,0.0,0.0,0.0,0.0,0.0,6.37,0.0,0.0
Week,Student,Active,12/28/20,0.0,0.0,0.0,0.0,0.0,0.0,0.0,0.0,0.0,0.0,0.0,0.0,0.0,0.0,0.0,0.0,0.0,0.0,0.0,0.0,0.0,0.0,0.0,0.0
Week,Student,Active,12/21/20,0.0,0.0,0.0,0.0,0.0,0.0,0.0,0.0,0.0,0.0,0.0,0.0,0.0,0.0,0.0,0.0,0.0,0.0,0.0,0.0,0.0,0.0,0.0,0.0
Week,Student,Active,12/14/20,0.0,0.0,0.0,0.0,0.0,0.0,0.0,0.0,0.0,0.0,0.0,0.0,0.0,0.0,0.0,0.0,0.0,0.0,0.0,0.0,0.0,20.57,0.0,0.0
Week,Student,Active,12/07/20,0.03,0.12,0.0,0.0,0.0,0.0,0.0,0.0,0.0,0.0,0.0,0.0,0.0,0.0,0.0,0.0,0.0,0.0,0.0,0.0,0.0,9.1,0.27,0.15
Week,Student,Active,11/30/20,3.15,3.08,0.77,0.38,1.18,2.12,1.17,0.47,0.9,0.42,0.52,0.2,0.0,0.0,0.0,0.0,0.0,0.0,0.0,0.0,0.0,27.45,64.02,14.35
Week,Student,Active,11/23/20,10.53,8.77,5.58,7.45,3.98,2.0,1.0,0.78,0.97,1.73,1.08,1.18,1.28,0.72,0.0,0.0,0.0,0.0,0.0,0.0,0.0,56.73,198.67,47.07
Week,Student,Active,11/16/20,9.48,7.18,9.05,5.58,6.72,3.25,1.18,1.18,1.18,2.43,4.12,3.45,4.17,4.15,2.88,0.03,0.0,0.0,0.0,0.0,0.0,75.88,421.88,66.05
Week,Student,Active,11/09/20,5.72,7.87,7.17,4.93,3.1,1.27,0.5,1.03,2.25,2.72,1.57,2.43,4.68,4.15,4.3,0.63,0.0,0.0,0.0,0.0,0.0,57.6,385.02,54.32
Week,Student,Active,11/02/20,8.53,4.92,7.17,3.97,1.48,1.33,1.18,0.43,0.48,0.42,0.67,1.63,0.88,0.13,0.07,0.0,0.0,0.0,0.0,0.0,0.0,57.28,132.7,33.3
Week,Student,Active,10/26/20,0.27,0.3,0.03,0.25,0.65,0.23,0.03,0.03,0.15,0.1,0.12,0.15,0.15,0.07,0.03,0.0,0.0,0.0,0.0,0.0,0.0,9.93,15.93,2.57
Week,Student,Active,10/19/20,1.35,0.35,0.3,0.77,0.42,0.05,0.12,0.05,0.03,0.1,0.1,0.12,0.02,0.05,0.0,0.0,0.0,0.0,0.0,0.0,0.0,21.88,14.33,3.82
Week,Student,Active,10/12/20,3.33,5.78,6.07,2.1,0.58,0.65,0.17,0.15,0.17,0.35,1.13,2.0,0.38,0.0,0.0,0.0,0.0,0.0,0.0,0.0,0.0,50.78,97.13,22.87
Week,Student,Active,10/05/20,3.33,2.88,1.65,1.08,0.9,0.7,0.5,1.28,0.9,1.33,0.3,0.18,0.05,0.0,0.0,0.0,0.0,0.0,0.0,0.0,0.0,52.02,68.43,15.1
Week,Student,Active,09/28/20,1.43,2.22,0.63,0.4,0.45,0.52,0.17,0.3,0.03,0.02,0.4,0.8,0.25,0.0,0.0,0.0,0.0,0.0,0.0,0.0,0.0,44.55,36.0,7.62
Week,Student,Active,09/21/20,0.4,0.17,0.32,0.5,0.0,0.0,0.0,0.0,0.0,0.0,0.0,0.0,0.0,0.0,0.0,0.0,0.0,0.0,0.0,0.0,0.0,28.02,3.68,1.38
Week,Student,Active,09/14/20,0.67,1.0,0.28,0.42,0.12,0.03,0.02,0.08,0.55,0.37,0.07,0.0,0.0,0.0,0.0,0.0,0.0,0.0,0.0,0.0,0.0,36.57,16.1,3.6
Week,Student,Active,09/07/20,0.1,0.47,0.2,0.8,0.07,0.15,0.73,0.05,0.0,0.0,0.0,0.0,0.0,0.0,0.0,0.0,0.0,0.0,0.0,0.0,0.0,33.38,11.6,2.57
Week,Student,Active,08/31/20,0.0,0.0,0.0,0.0,0.0,0.0,0.0,0.0,0.0,0.0,0.0,0.0,0.0,0.0,0.0,0.0,0.0,0.0,0.0,0.0,0.0,0.0,0.0,0.0
Week,Student,Active,08/24/20,0.67,0.62,0.35,0.1,0.1,0.1,0.47,0.3,0.63,0.23,0.22,0.08,0.08,0.17,0.0,0.0,0.0,0.0,0.0,0.0,0.0,26.58,24.95,4.12
Week,Student,Active,08/17/20,0.65,0.52,0.0,0.07,0.0,0.0,0.02,0.0,0.03,0.0,0.08,0.05,0.27,0.18,0.28,0.0,0.0,0.0,0.0,0.0,0.0,38.63,14.17,2.15
Week,Student,Active,08/10/20,1.7,0.97,1.1,0.67,0.1,0.12,0.18,0.05,0.05,0.0,0.05,0.05,0.03,0.03,0.0,0.0,0.0,0.0,0.0,0.0,0.0,30.65,14.98,5.1
Week,Student,Active,08/03/20,0.0,0.0,0.0,0.0,0.0,0.0,0.0,0.0,0.0,0.0,0.0,0.0,0.0,0.0,0.0,0.0,0.0,0.0,0.0,0.0,0.0,0.0,0.0,0.0
Week,Student,Active,07/27/20,0.0,0.0,0.0,0.0,0.0,0.0,0.0,0.0,0.0,0.0,0.0,0.0,0.0,0.0,0.0,0.0,0.0,0.0,0.0,0.0,0.0,0.0,0.0,0.0
Week,Student,Active,07/20/20,1.87,1.38,1.08,1.55,0.5,0.9,0.03,0.0,0.0,0.0,0.0,0.0,0.0,0.0,0.0,0.0,0.0,0.0,0.0,0.0,0.0,51.45,22.22,7.32
Week,Student,Active,07/13/20,0.28,0.2,0.67,0.13,0.0,0.0,0.0,0.0,0.0,0.0,0.0,0.0,0.0,0.0,0.0,0.0,0.0,0.0,0.0,0.0,0.0,36.27,3.22,1.28
Week,Student,Active,07/06/20,0.0,0.0,0.0,0.0,0.0,0.0,0.0,0.0,0.0,0.0,0.0,0.0,0.0,0.0,0.0,0.0,0.0,0.0,0.0,0.0,0.0,15.55,0.0,0.0
Week,Student,Active,06/29/20,0.15,0.02,0.0,0.0,0.0,0.0,0.0,0.0,0.0,0.0,0.0,0.0,0.0,0.0,0.0,0.0,0.0,0.0,0.0,0.0,0.0,41.45,0.18,0.17
Week,Student,Active,06/22/20,0.0,0.0,0.0,0.0,0.0,0.0,0.0,0.0,0.0,0.0,0.0,0.0,0.0,0.0,0.0,0.0,0.0,0.0,0.0,0.0,0.0,0.0,0.0,0.0
Week,Student,Active,06/15/20,0.0,0.0,0.0,0.0,0.0,0.0,0.0,0.0,0.0,0.0,0.0,0.0,0.0,0.0,0.0,0.0,0.0,0.0,0.0,0.0,0.0,0.0,0.0,0.0
Week,Student,Active,06/08/20,0.0,0.0,0.0,0.0,0.0,0.0,0.0,0.0,0.0,0.0,0.0,0.0,0.0,0.0,0.0,0.0,0.0,0.0,0.0,0.0,0.0,0.0,0.0,0.0
Week,Student,Active,06/01/20,0.0,0.0,0.0,0.0,0.0,0.0,0.0,0.0,0.0,0.0,0.0,0.0,0.0,0.0,0.0,0.0,0.0,0.0,0.0,0.0,0.0,0.0,0.0,0.0
Week,Student,Active,05/25/20,0.0,0.0,0.0,0.0,0.0,0.0,0.0,0.0,0.0,0.0,0.0,0.0,0.0,0.0,0.0,0.0,0.0,0.0,0.0,0.0,0.0,0.0,0.0,0.0
Week,Student,Active,05/18/20,0.0,0.0,0.0,0.0,0.0,0.0,0.0,0.0,0.0,0.0,0.0,0.0,0.0,0.0,0.0,0.0,0.0,0.0,0.0,0.0,0.0,0.0,0.0,0.0
Week,Student,Active,05/11/20,0.0,0.0,0.0,0.0,0.0,0.0,0.0,0.0,0.0,0.0,0.0,0.0,0.0,0.0,0.0,0.0,0.0,0.0,0.0,0.0,0.0,0.0,0.0,0.0
Week,Student,Active,05/04/20,0.0,0.0,0.0,0.0,0.0,0.0,0.0,0.0,0.0,0.0,0.0,0.0,0.0,0.0,0.0,0.0,0.0,0.0,0.0,0.0,0.0,0.0,0.0,0.0
Week,Student,Active,04/27/20,0.0,0.0,0.0,0.0,0.0,0.0,0.0,0.0,0.0,0.0,0.0,0.0,0.0,0.0,0.0,0.0,0.0,0.0,0.0,0.0,0.0,0.0,0.0,0.0
Week,Student,Active,04/20/20,0.0,0.0,0.0,0.0,0.0,0.0,0.0,0.0,0.0,0.0,0.0,0.0,0.0,0.0,0.0,0.0,0.0,0.0,0.0,0.0,0.0,0.0,0.0,0.0
Week,Student,Active,04/13/20,0.0,0.0,0.0,0.0,0.0,0.0,0.0,0.0,0.0,0.0,0.0,0.0,0.0,0.0,0.0,0.0,0.0,0.0,0.0,0.0,0.0,0.0,0.0,0.0
Week,Student,Active,04/06/20,0.0,0.0,0.0,0.0,0.0,0.0,0.0,0.0,0.0,0.0,0.0,0.0,0.0,0.0,0.0,0.0,0.0,0.0,0.0,0.0,0.0,0.0,0.0,0.0
Week,Student,Active,03/30/20,0.0,0.0,0.0,0.0,0.0,0.0,0.0,0.0,0.0,0.0,0.0,0.0,0.0,0.0,0.0,0.0,0.0,0.0,0.0,0.0,0.0,0.0,0.0,0.0
Week,Student,Active,03/23/20,0.0,0.0,0.0,0.0,0.0,0.0,0.0,0.0,0.0,0.0,0.0,0.0,0.0,0.0,0.0,0.0,0.0,0.0,0.0,0.0,0.0,0.0,0.0,0.0
Week,Student,Active,03/16/20,1.1,0.8,0.23,0.45,0.03,0.0,0.0,0.0,0.0,0.0,0.0,0.0,0.0,0.0,0.0,0.0,0.0,0.0,0.0,0.0,0.0,14.12,5.37,2.62
Week,Student,Active,03/09/20,0.5,0.35,0.15,0.87,0.08,0.0,0.0,0.0,0.0,0.0,0.0,0.0,0.0,0.0,0.0,0.0,0.0,0.0,0.0,0.0,0.0,33.73,5.53,1.95
Week,Student,Active,03/02/20,1.35,0.68,0.13,0.18,0.0,0.0,0.0,0.0,0.0,0.0,0.0,0.0,0.0,0.0,0.0,0.0,0.0,0.0,0.0,0.0,0.0,32.02,3.85,2.35
Week,Student,Active,02/24/20,0.68,0.2,0.05,0.0,0.0,0.0,0.0,0.0,0.0,0.0,0.0,0.0,0.0,0.0,0.0,0.0,0.0,0.0,0.0,0.0,0.0,42.03,1.23,0.93
Week,Student,Active,02/17/20,0.4,0.0,0.0,0.0,0.0,0.0,0.0,0.0,0.0,0.0,0.0,0.0,0.0,0.0,0.0,0.0,0.0,0.0,0.0,0.0,0.0,31.55,0.4,0.4
Week,Student,Active,02/10/20,0.65,0.13,0.28,0.27,0.05,0.02,0.0,0.03,0.03,0.03,0.0,0.07,0.1,0.13,1.32,0.1,0.0,0.0,0.0,0.0,0.0,33.02,29.4,3.22
Week,Student,Active,02/03/20,0.92,0.8,0.1,0.05,0.03,0.2,0.03,0.03,0.02,0.2,0.05,0.08,0.1,0.22,0.02,0.0,0.0,0.0,0.0,0.0,0.0,25.2,13.17,2.85
Week,Student,Active,01/27/20,2.68,0.38,0.4,0.35,0.58,0.08,0.08,0.05,0.13,0.12,0.22,0.03,0.13,0.58,1.05,0.32,0.42,0.0,0.0,0.0,0.0,25.9,53.4,7.62
Week,Student,Active,01/20/20,0.6,0.4,0.22,0.17,0.28,0.17,0.45,0.43,0.2,0.53,0.27,0.1,0.38,0.53,0.8,0.13,0.27,0.0,0.0,0.0,0.0,32.0,54.13,5.93
Week,Student,Active,01/13/20,0.38,0.42,0.2,0.27,0.15,0.05,0.03,0.28,0.27,0.05,0.22,0.33,0.18,0.18,0.48,1.17,0.68,0.0,0.0,0.0,0.0,25.47,58.2,5.35
Week,Student,Active,01/06/20,0.4,0.02,0.02,0.07,0.03,0.13,0.08,0.08,0.08,0.38,0.05,0.02,0.13,0.08,0.1,0.25,0.0,0.0,0.0,0.0,0.0,23.38,16.7,1.93
Week,Student,Active,12/30/19,0.0,0.0,0.0,0.0,0.0,0.0,0.0,0.0,0.0,0.0,0.0,0.0,0.0,0.0,0.0,0.0,0.0,0.0,0.0,0.0,0.0,0.0,0.0,0.0
Week,Student,Active,12/23/19,0.0,0.0,0.0,0.0,0.0,0.0,0.0,0.0,0.0,0.0,0.0,0.0,0.0,0.0,0.0,0.0,0.0,0.0,0.0,0.0,0.0,0.0,0.0,0.0
Week,Student,Active,12/16/19,0.0,0.0,0.0,0.0,0.0,0.0,0.0,0.0,0.0,0.0,0.0,0.0,0.0,0.0,0.0,0.0,0.0,0.0,0.0,0.0,0.0,0.0,0.0,0.0
Week,Student,Active,12/09/19,0.0,0.0,0.0,0.0,0.0,0.0,0.0,0.0,0.0,0.0,0.0,0.0,0.0,0.0,0.0,0.0,0.0,0.0,0.0,0.0,0.0,0.0,0.0,0.0
Week,Student,Active,12/02/19,0.0,0.0,0.0,0.0,0.0,0.0,0.0,0.0,0.0,0.0,0.0,0.0,0.0,0.0,0.0,0.0,0.0,0.0,0.0,0.0,0.0,6.1,0.0,0.0
Week,Student,Active,11/25/19,0.02,0.0,0.02,0.0,0.05,0.0,0.0,0.0,0.0,0.0,0.0,0.0,0.0,0.0,0.0,0.0,0.0,0.0,0.0,0.0,0.0,0.1,0.32,0.08
Week,Student,Active,11/18/19,1.23,0.1,0.38,0.07,0.02,0.07,0.18,0.12,0.25,0.32,0.42,0.43,0.85,1.5,1.55,1.47,0.0,0.0,0.0,0.0,0.0,34.73,99.52,8.95
Week,Student,Active,11/11/19,0.55,0.28,0.55,0.17,0.27,0.32,0.17,0.05,0.13,0.1,0.12,0.4,0.55,1.6,1.98,0.98,0.12,0.0,0.0,0.0,0.0,31.42,93.53,8.33
Week,Student,Active,11/04/19,0.45,0.37,0.6,0.65,0.18,0.07,0.1,0.15,0.23,0.72,0.35,0.82,1.33,1.18,1.47,2.23,2.22,0.0,0.0,0.0,0.0,37.75,161.03,13.12
Week,Student,Active,10/28/19,0.45,0.4,0.43,1.55,0.3,0.47,0.45,0.25,0.27,0.92,0.38,0.63,1.0,1.27,2.42,3.92,2.1,0.0,0.0,0.0,0.0,36.17,206.93,17.2
Week,Student,Active,10/21/19,0.58,1.17,1.38,0.42,1.37,0.32,0.53,0.37,0.52,1.03,0.32,0.45,1.02,1.17,1.93,1.22,0.18,0.0,0.0,0.0,0.0,37.77,129.13,13.97
Week,Student,Active,10/14/19,0.23,1.05,0.57,0.55,0.53,0.67,0.23,0.68,0.52,0.07,0.07,0.43,0.22,0.33,0.23,0.18,0.0,0.0,0.0,0.0,0.0,25.88,45.17,6.57
Week,Student,Active,10/07/19,1.85,1.2,0.87,0.95,1.18,0.52,0.42,0.58,1.08,0.5,0.95,1.65,1.33,2.33,2.97,4.63,0.98,0.0,0.0,0.0,0.0,35.97,257.6,24.0
Week,Student,Active,09/30/19,1.08,0.9,0.77,0.28,0.87,0.9,0.65,0.58,1.18,1.32,1.48,1.77,2.12,2.0,1.82,2.83,0.93,0.0,0.0,0.0,0.0,30.28,230.57,21.48
Week,Student,Active,09/23/19,0.55,0.22,0.47,0.12,0.23,0.22,0.17,0.25,1.15,0.85,0.88,0.92,1.27,1.73,2.3,2.18,1.43,0.0,0.0,0.0,0.0,28.0,182.58,14.93
Week,Student,Active,09/16/19,1.47,1.75,0.5,0.43,0.52,0.25,0.32,0.6,0.97,1.47,0.38,0.53,1.8,1.82,1.9,1.27,0.88,0.0,0.0,0.0,0.0,33.78,165.9,16.85
Week,Student,Active,09/09/19,2.05,1.67,0.58,0.47,0.67,0.73,0.45,0.3,0.78,0.48,0.3,0.33,0.52,1.12,2.25,2.3,0.0,0.0,0.0,0.0,0.0,35.73,134.37,15.0
Week,Student,Active,09/02/19,1.85,0.18,0.63,0.17,0.13,0.13,0.13,0.08,0.18,0.08,0.1,0.22,0.12,0.42,0.33,0.28,0.0,0.0,0.0,0.0,0.0,37.55,30.92,5.05
Week,Student,Active,08/29/19,2.0,1.08,0.72,0.3,0.12,0.17,0.13,0.13,0.05,0.1,0.07,0.0,0.17,0.1,0.05,0.0,0.0,0.0,0.0,0.0,0.0,7.63,17.6,5.18
Week,Student,All,01/24/22,0.0,0.0,0.0,0.0,0.0,0.0,0.0,0.0,0.0,0.0,0.0,0.0,0.0,0.0,0.0,0.0,0.0,0.0,0.0,0.0,0.0,9.38,0.0,0.0
Week,Student,All,01/17/22,0.0,0.0,0.0,0.0,0.0,0.0,0.0,0.0,0.0,0.0,0.0,0.0,0.0,0.0,0.0,0.0,0.0,0.0,0.0,0.0,0.0,10.82,0.0,0.0
Week,Student,All,01/10/22,0.0,0.0,0.0,0.0,0.0,0.0,0.0,0.0,0.0,0.0,0.0,0.0,0.0,0.0,0.0,0.0,0.0,0.0,0.0,0.0,0.0,0.0,0.0,0.0
Week,Student,All,01/03/22,0.0,0.0,0.0,0.0,0.0,0.0,0.0,0.0,0.0,0.0,0.0,0.0,0.0,0.0,0.0,0.0,0.0,0.0,0.0,0.0,0.0,0.0,0.0,0.0
Week,Student,All,12/27/21,0.0,0.0,0.0,0.0,0.0,0.0,0.0,0.0,0.0,0.0,0.0,0.0,0.0,0.0,0.0,0.0,0.0,0.0,0.0,0.0,0.0,0.0,0.0,0.0
Week,Student,All,12/20/21,0.0,0.0,0.0,0.0,0.0,0.0,0.0,0.0,0.0,0.0,0.0,0.0,0.0,0.0,0.0,0.0,0.0,0.0,0.0,0.0,0.0,0.0,0.0,0.0
Week,Student,All,12/13/21,0.0,0.0,0.0,0.0,0.0,0.0,0.0,0.0,0.0,0.0,0.0,0.0,0.0,0.0,0.0,0.0,0.0,0.0,0.0,0.0,0.0,0.0,0.0,0.0
Week,Student,All,12/06/21,0.4,0.0,0.0,0.0,0.0,0.0,0.0,0.0,0.0,0.0,0.0,0.0,0.0,0.0,0.0,0.0,0.0,0.0,0.0,0.0,0.0,5.73,0.4,0.4
Week,Student,All,11/29/21,0.0,0.0,0.0,0.0,0.0,0.0,0.0,0.0,0.0,0.0,0.0,0.0,0.0,0.0,0.0,0.0,0.0,0.0,0.0,0.0,0.0,0.0,0.0,0.0
Week,Student,All,11/22/21,0.0,0.0,0.0,0.0,0.0,0.0,0.0,0.0,0.0,0.0,0.0,0.0,0.0,0.0,0.0,0.0,0.0,0.0,0.0,0.0,0.0,6.22,0.0,0.0
Week,Student,All,11/15/21,0.0,0.0,0.0,0.0,0.0,0.0,0.0,0.0,0.0,0.0,0.0,0.0,0.0,0.0,0.0,0.0,0.0,0.0,0.0,0.0,0.0,2.97,0.0,0.0
Week,Student,All,11/08/21,0.0,0.0,0.0,0.0,0.0,0.0,0.0,0.0,0.0,0.0,0.0,0.0,0.0,0.0,0.0,0.0,0.0,0.0,0.0,0.0,0.0,0.0,0.0,0.0
Week,Student,All,11/01/21,1.12,0.63,0.0,0.0,0.0,0.0,0.0,0.0,0.0,0.0,0.0,0.0,0.0,0.0,0.0,0.0,0.0,0.0,0.0,0.0,0.0,10.87,2.38,1.75
Week,Student,All,10/25/21,0.0,0.0,0.0,0.0,0.0,0.0,0.0,0.0,0.0,0.0,0.0,0.0,0.0,0.0,0.0,0.0,0.0,0.0,0.0,0.0,0.0,4.95,0.0,0.0
Week,Student,All,10/18/21,0.0,0.0,0.0,0.0,0.0,0.0,0.0,0.0,0.0,0.0,0.0,0.0,0.0,0.0,0.0,0.0,0.0,0.0,0.0,0.0,0.0,14.92,0.0,0.0
Week,Student,All,10/11/21,0.02,0.0,0.0,0.0,0.0,0.0,0.0,0.0,0.0,0.0,0.0,0.0,0.0,0.0,0.0,0.0,0.0,0.0,0.0,0.0,0.0,9.93,0.02,0.02
Week,Student,All,10/04/21,1.5,0.83,1.13,0.88,0.3,0.57,0.42,0.58,0.43,1.0,0.8,0.48,0.0,0.0,0.0,0.0,0.0,0.0,0.0,0.0,0.0,28.82,51.08,8.93
Week,Student,All,09/27/21,5.85,2.32,0.65,1.73,1.02,0.78,0.45,0.47,0.62,0.75,0.28,0.0,0.0,0.0,0.0,0.0,0.0,0.0,0.0,0.0,0.0,42.22,52.2,14.92
Week,Student,All,09/20/21,2.47,0.55,0.85,0.45,0.4,0.0,0.38,0.4,0.12,0.0,0.0,0.0,0.0,0.0,0.0,0.0,0.0,0.0,0.0,0.0,0.0,33.47,16.85,5.62
Week,Student,All,09/13/21,0.0,0.0,0.0,0.0,0.0,0.0,0.0,0.0,0.0,0.0,0.0,0.0,0.0,0.0,0.0,0.0,0.0,0.0,0.0,0.0,0.0,0.0,0.0,0.0
Week,Student,All,09/06/21,5.15,0.08,1.13,0.65,0.03,0.33,0.07,0.12,0.0,0.0,0.0,0.0,0.0,0.0,0.0,0.0,0.0,0.0,0.0,0.0,0.0,11.27,14.88,7.57
Week,Student,All,08/30/21,9.3,2.15,4.9,3.38,1.4,0.15,0.4,0.13,0.05,0.08,0.02,0.02,0.05,0.4,0.0,0.0,0.0,0.0,0.0,0.0,0.0,49.92,61.52,22.43
Week,Student,All,08/23/21,5.43,0.85,1.18,0.3,0.27,0.32,0.53,0.13,0.03,0.02,0.15,0.15,0.08,0.12,0.0,0.0,0.0,0.0,0.0,0.0,0.0,41.68,26.55,9.57
Week,Student,All,08/16/21,6.52,2.68,0.82,0.15,0.8,0.22,0.17,0.0,0.0,0.0,0.0,0.0,0.0,0.0,0.0,0.0,0.0,0.0,0.0,0.0,0.0,43.87,21.4,11.35
Week,Student,All,08/09/21,9.05,8.57,7.33,3.87,0.55,0.27,0.22,0.03,0.03,0.02,0.0,0.0,0.0,0.0,0.0,0.0,0.0,0.0,0.0,0.0,0.0,40.98,70.25,29.93
Week,Student,All,08/02/21,5.45,9.17,3.62,3.75,0.63,0.4,0.18,0.05,0.0,0.0,0.0,0.0,0.0,0.0,0.0,0.0,0.0,0.0,0.0,0.0,0.0,60.47,56.88,23.25
Week,Student,All,07/26/21,8.63,4.55,3.73,1.05,0.13,0.33,0.0,0.0,0.0,0.0,0.0,0.0,0.0,0.0,0.0,0.0,0.0,0.0,0.0,0.0,0.0,52.53,35.8,18.43
Week,Student,All,07/19/21,7.43,2.17,3.5,1.63,1.38,1.0,0.15,0.12,0.12,0.23,0.22,0.27,0.35,0.13,0.0,0.0,0.0,0.0,0.0,0.0,0.0,39.08,59.08,18.7
Week,Student,All,07/12/21,5.25,2.52,2.7,1.78,1.1,1.08,1.12,0.18,0.12,0.12,0.42,1.03,1.73,0.62,0.33,0.0,0.0,0.0,0.0,0.0,0.0,44.12,102.17,20.1
Week,Student,All,07/05/21,0.3,0.45,1.02,0.63,0.57,0.07,0.12,0.2,0.18,0.45,0.55,0.55,0.08,0.0,0.0,0.0,0.0,0.0,0.0,0.0,0.0,24.4,32.32,5.17
Week,Student,All,06/28/21,0.0,0.0,0.0,0.0,0.0,0.0,0.0,0.0,0.0,0.0,0.0,0.0,0.0,0.0,0.0,0.0,0.0,0.0,0.0,0.0,0.0,0.0,0.0,0.0
Week,Student,All,06/21/21,0.0,0.0,0.0,0.0,0.0,0.0,0.0,0.0,0.0,0.0,0.0,0.0,0.0,0.0,0.0,0.0,0.0,0.0,0.0,0.0,0.0,0.63,0.0,0.0
Week,Student,All,06/14/21,0.12,0.23,0.2,0.0,0.0,0.0,0.0,0.0,0.0,0.0,0.0,0.0,0.0,0.0,0.0,0.0,0.0,0.0,0.0,0.0,0.0,14.7,1.18,0.55
Week,Student,All,06/07/21,0.0,0.0,0.0,0.0,0.0,0.0,0.0,0.0,0.0,0.0,0.0,0.0,0.0,0.0,0.0,0.0,0.0,0.0,0.0,0.0,0.0,4.92,0.0,0.0
Week,Student,All,05/31/21,11.02,4.25,0.98,2.52,1.88,1.17,0.98,0.1,0.17,0.18,0.13,0.08,0.0,0.0,0.0,0.0,0.0,0.0,0.0,0.0,0.0,52.35,62.43,23.47
Week,Student,All,05/24/21,12.22,8.75,5.0,2.97,1.75,0.43,0.45,0.35,0.5,0.38,0.97,0.88,0.68,0.05,0.0,0.0,0.0,0.0,0.0,0.0,0.0,69.83,113.03,35.38
Week,Student,All,05/17/21,8.23,5.5,6.15,4.18,3.02,1.23,1.05,0.78,0.78,0.5,0.25,0.5,0.72,0.52,0.5,0.0,0.0,0.0,0.0,0.0,0.0,65.22,135.37,33.92
Week,Student,All,05/10/21,4.52,1.67,1.67,0.35,0.18,0.05,0.02,0.1,0.08,0.13,0.35,0.35,1.03,0.72,0.12,0.05,0.0,0.0,0.0,0.0,0.0,31.73,52.53,11.38
Week,Student,All,05/03/21,4.9,7.4,4.4,3.3,1.63,0.7,0.38,0.03,0.07,0.03,0.07,0.07,0.05,0.0,0.0,0.0,0.0,0.0,0.0,0.0,0.0,57.45,64.53,23.03
Week,Student,All,04/26/21,7.73,4.42,5.5,4.82,1.27,1.85,0.8,0.85,0.48,0.6,0.62,0.2,1.12,1.78,0.82,0.0,0.0,0.0,0.0,0.0,0.0,51.35,153.43,32.85
Week,Student,All,04/19/21,2.73,4.38,3.3,2.32,1.27,1.47,1.32,0.65,0.58,0.43,0.83,0.52,0.43,0.23,0.0,0.0,0.0,0.0,0.0,0.0,0.0,53.5,94.07,20.47
Week,Student,All,04/12/21,10.37,1.97,0.92,0.35,0.1,0.08,0.03,0.07,0.12,0.05,0.45,0.32,0.65,0.0,0.0,0.0,0.0,0.0,0.0,0.0,0.0,35.03,38.97,15.47
Week,Student,All,04/05/21,0.0,0.0,0.0,0.0,0.0,0.0,0.0,0.0,0.0,0.0,0.0,0.0,0.0,0.0,0.0,0.0,0.0,0.0,0.0,0.0,0.0,0.0,0.0,0.0
Week,Student,All,03/29/21,0.0,0.0,0.0,0.0,0.0,0.0,0.0,0.0,0.0,0.0,0.0,0.0,0.0,0.0,0.0,0.0,0.0,0.0,0.0,0.0,0.0,0.0,0.0,0.0
Week,Student,All,03/22/21,6.33,1.18,1.47,1.03,0.62,0.1,0.05,0.28,0.1,0.07,0.0,0.05,0.13,0.22,0.0,0.0,0.0,0.0,0.0,0.0,0.0,33.28,30.47,11.63
Week,Student,All,03/15/21,3.77,1.12,2.23,1.62,1.75,1.05,0.52,0.87,0.78,0.75,0.08,0.25,0.17,0.0,0.0,0.0,0.0,0.0,0.0,0.0,0.0,31.72,65.4,14.95
Week,Student,All,03/08/21,0.07,0.12,0.08,0.07,0.0,0.08,0.05,0.05,0.15,0.22,0.22,0.17,0.0,0.0,0.0,0.0,0.0,0.0,0.0,0.0,0.0,23.63,9.97,1.27
Week,Student,All,03/01/21,1.22,2.12,0.93,1.2,1.55,1.63,1.22,0.23,0.0,0.0,0.0,0.0,0.0,0.0,0.0,0.0,0.0,0.0,0.0,0.0,0.0,33.32,40.98,10.1
Week,Student,All,02/22/21,0.25,0.65,0.43,0.23,0.1,0.27,0.18,0.22,0.28,0.27,0.42,0.2,0.27,0.37,0.0,0.0,0.0,0.0,0.0,0.0,0.0,30.4,29.7,4.13
Week,Student,All,02/15/21,1.07,1.47,1.22,0.15,0.03,0.02,0.05,0.05,0.08,0.22,0.4,0.5,1.07,1.78,0.97,0.0,0.0,0.0,0.0,0.0,0.0,15.23,75.92,9.07
Week,Student,All,02/08/21,0.23,1.4,0.27,0.05,0.08,0.12,0.02,0.07,0.12,0.13,0.43,0.45,0.73,1.38,0.73,0.07,0.0,0.0,0.0,0.0,0.0,28.58,59.32,6.28
Week,Student,All,02/01/21,1.23,0.42,0.48,1.37,0.5,0.08,0.1,0.12,0.12,1.37,0.13,0.15,0.42,0.7,0.9,0.0,0.0,0.0,0.0,0.0,0.0,31.3,60.32,8.08
Week,Student,All,01/25/21,1.72,0.15,0.2,0.4,0.17,0.12,0.23,0.27,0.42,0.05,0.18,0.2,0.37,0.68,0.4,0.0,0.0,0.0,0.0,0.0,0.0,36.98,38.52,5.55
Week,Student,All,01/18/21,0.55,0.6,0.55,0.47,0.45,0.17,0.1,0.17,0.3,0.32,0.48,0.3,0.63,0.1,0.03,0.0,0.0,0.0,0.0,0.0,0.0,30.9,35.47,5.22
Week,Student,All,01/11/21,0.32,0.92,0.02,0.07,0.03,0.03,0.2,0.9,0.22,0.33,0.33,0.28,0.42,0.75,0.07,0.0,0.0,0.0,0.0,0.0,0.0,27.52,40.7,4.88
Week,Student,All,01/04/21,0.0,0.0,0.0,0.0,0.0,0.0,0.0,0.0,0.0,0.0,0.0,0.0,0.0,0.0,0.0,0.0,0.0,0.0,0.0,0.0,0.0,6.37,0.0,0.0
Week,Student,All,12/28/20,0.0,0.0,0.0,0.0,0.0,0.0,0.0,0.0,0.0,0.0,0.0,0.0,0.0,0.0,0.0,0.0,0.0,0.0,0.0,0.0,0.0,0.0,0.0,0.0
Week,Student,All,12/21/20,0.0,0.0,0.0,0.0,0.0,0.0,0.0,0.0,0.0,0.0,0.0,0.0,0.0,0.0,0.0,0.0,0.0,0.0,0.0,0.0,0.0,0.0,0.0,0.0
Week,Student,All,12/14/20,0.0,0.0,0.0,0.0,0.0,0.0,0.0,0.0,0.0,0.0,0.0,0.0,0.0,0.0,0.0,0.0,0.0,0.0,0.0,0.0,0.0,20.57,0.0,0.0
Week,Student,All,12/07/20,0.02,0.13,0.0,0.0,0.0,0.0,0.0,0.0,0.0,0.0,0.0,0.0,0.0,0.0,0.0,0.0,0.0,0.0,0.0,0.0,0.0,9.1,0.28,0.15
Week,Student,All,11/30/20,1.45,5.65,0.42,0.73,0.73,2.08,1.78,0.5,0.68,0.68,0.47,0.3,0.0,0.0,0.0,0.0,0.0,0.0,0.0,0.0,0.0,27.45,71.3,15.48
Week,Student,All,11/23/20,13.83,8.52,5.15,5.7,6.97,2.13,0.93,0.9,0.75,1.85,0.98,0.88,1.7,1.2,0.0,0.0,0.0,0.0,0.0,0.0,0.0,56.73,216.05,51.5
Week,Student,All,11/16/20,8.58,11.48,8.75,5.92,6.65,4.27,1.82,0.7,1.1,2.1,3.12,2.03,5.08,6.23,3.47,0.38,0.0,0.0,0.0,0.0,0.0,75.88,459.7,71.68
Week,Student,All,11/09/20,5.88,7.17,6.42,5.65,3.53,1.3,0.52,0.92,1.87,1.4,1.87,1.57,2.92,6.18,6.82,0.78,0.0,0.0,0.0,0.0,0.0,57.6,407.88,54.78
Week,Student,All,11/02/20,8.73,4.12,7.37,4.23,1.63,1.45,1.22,0.43,0.63,0.25,0.27,1.33,0.62,1.13,0.5,0.0,0.0,0.0,0.0,0.0,0.0,57.28,143.37,33.92
Week,Student,All,10/26/20,0.42,0.35,0.08,0.02,0.38,0.47,0.27,0.03,0.02,0.17,0.15,0.08,0.13,0.2,0.07,0.0,0.0,0.0,0.0,0.0,0.0,9.93,18.28,2.83
Week,Student,All,10/19/20,1.98,0.37,0.23,0.58,0.67,0.13,0.07,0.07,0.08,0.08,0.1,0.12,0.03,0.05,0.0,0.0,0.0,0.0,0.0,0.0,0.0,21.88,16.1,4.57
Week,Student,All,10/12/20,2.93,4.27,6.6,2.73,0.83,0.88,0.15,0.03,0.13,0.17,0.27,2.55,1.42,0.0,0.0,0.0,0.0,0.0,0.0,0.0,0.0,50.78,107.8,22.97
Week,Student,All,10/05/20,1.95,3.43,1.57,1.25,1.27,0.52,1.1,1.38,0.97,1.57,0.52,0.4,0.32,0.0,0.0,0.0,0.0,0.0,0.0,0.0,0.0,52.02,85.68,16.23
Week,Student,All,09/28/20,1.22,4.67,1.92,0.38,0.33,0.62,0.43,0.4,0.18,0.03,0.03,1.18,0.27,0.0,0.0,0.0,0.0,0.0,0.0,0.0,0.0,44.55,49.45,11.67
Week,Student,All,09/21/20,1.18,0.45,0.37,0.53,0.0,0.0,0.0,0.0,0.0,0.0,0.0,0.0,0.0,0.0,0.0,0.0,0.0,0.0,0.0,0.0,0.0,28.02,5.32,2.53
Week,Student,All,09/14/20,0.68,1.02,0.32,0.4,0.13,0.02,0.03,0.07,0.5,0.33,0.18,0.0,0.0,0.0,0.0,0.0,0.0,0.0,0.0,0.0,0.0,36.57,16.65,3.68
Week,Student,All,09/07/20,0.1,0.48,0.15,0.77,0.08,0.03,0.07,0.07,0.1,0.77,0.0,0.0,0.0,0.0,0.0,0.0,0.0,0.0,0.0,0.0,0.0,33.38,14.77,2.62
Week,Student,All,08/31/20,0.0,0.0,0.0,0.0,0.0,0.0,0.0,0.0,0.0,0.0,0.0,0.0,0.0,0.0,0.0,0.0,0.0,0.0,0.0,0.0,0.0,0.0,0.0,0.0
Week,Student,All,08/24/20,0.78,0.2,0.9,0.13,0.08,0.05,0.1,0.2,0.58,0.35,0.57,0.2,0.12,0.18,0.0,0.0,0.0,0.0,0.0,0.0,0.0,26.58,28.9,4.45
Week,Student,All,08/17/20,0.47,2.68,0.0,0.0,0.0,0.03,0.02,0.0,0.02,0.02,0.02,0.07,0.05,0.27,0.2,0.3,0.0,0.0,0.0,0.0,0.0,38.63,19.63,4.13
Week,Student,All,08/10/20,1.1,1.95,0.52,0.28,0.17,0.43,0.87,0.05,0.05,0.02,0.0,0.03,0.07,0.05,0.03,0.0,0.0,0.0,0.0,0.0,0.0,30.65,20.67,5.62
Week,Student,All,08/03/20,0.0,0.0,0.0,0.0,0.0,0.0,0.0,0.0,0.0,0.0,0.0,0.0,0.0,0.0,0.0,0.0,0.0,0.0,0.0,0.0,0.0,0.0,0.0,0.0
Week,Student,All,07/27/20,0.0,0.0,0.0,0.0,0.0,0.0,0.0,0.0,0.0,0.0,0.0,0.0,0.0,0.0,0.0,0.0,0.0,0.0,0.0,0.0,0.0,0.0,0.0,0.0
Week,Student,All,07/20/20,1.82,1.17,0.57,1.22,0.4,1.27,2.0,0.17,0.0,0.0,0.0,0.0,0.0,0.0,0.0,0.0,0.0,0.0,0.0,0.0,0.0,51.45,35.65,8.6
Week,Student,All,07/13/20,0.28,0.22,0.67,0.13,0.0,0.0,0.0,0.0,0.0,0.0,0.0,0.0,0.0,0.0,0.0,0.0,0.0,0.0,0.0,0.0,0.0,36.27,3.25,1.3
Week,Student,All,07/06/20,0.0,0.0,0.0,0.0,0.0,0.0,0.0,0.0,0.0,0.0,0.0,0.0,0.0,0.0,0.0,0.0,0.0,0.0,0.0,0.0,0.0,15.55,0.0,0.0
Week,Student,All,06/29/20,0.6,0.08,0.02,0.0,0.0,0.0,0.0,0.0,0.0,0.0,0.0,0.0,0.0,0.0,0.0,0.0,0.0,0.0,0.0,0.0,0.0,41.45,0.82,0.7
Week,Student,All,06/22/20,0.0,0.0,0.0,0.0,0.0,0.0,0.0,0.0,0.0,0.0,0.0,0.0,0.0,0.0,0.0,0.0,0.0,0.0,0.0,0.0,0.0,0.0,0.0,0.0
Week,Student,All,06/15/20,0.0,0.0,0.0,0.0,0.0,0.0,0.0,0.0,0.0,0.0,0.0,0.0,0.0,0.0,0.0,0.0,0.0,0.0,0.0,0.0,0.0,0.0,0.0,0.0
Week,Student,All,06/08/20,0.0,0.0,0.0,0.0,0.0,0.0,0.0,0.0,0.0,0.0,0.0,0.0,0.0,0.0,0.0,0.0,0.0,0.0,0.0,0.0,0.0,0.0,0.0,0.0
Week,Student,All,06/01/20,0.0,0.0,0.0,0.0,0.0,0.0,0.0,0.0,0.0,0.0,0.0,0.0,0.0,0.0,0.0,0.0,0.0,0.0,0.0,0.0,0.0,0.0,0.0,0.0
Week,Student,All,05/25/20,0.0,0.0,0.0,0.0,0.0,0.0,0.0,0.0,0.0,0.0,0.0,0.0,0.0,0.0,0.0,0.0,0.0,0.0,0.0,0.0,0.0,0.0,0.0,0.0
Week,Student,All,05/18/20,0.0,0.0,0.0,0.0,0.0,0.0,0.0,0.0,0.0,0.0,0.0,0.0,0.0,0.0,0.0,0.0,0.0,0.0,0.0,0.0,0.0,0.0,0.0,0.0
Week,Student,All,05/11/20,0.0,0.0,0.0,0.0,0.0,0.0,0.0,0.0,0.0,0.0,0.0,0.0,0.0,0.0,0.0,0.0,0.0,0.0,0.0,0.0,0.0,0.0,0.0,0.0
Week,Student,All,05/04/20,0.0,0.0,0.0,0.0,0.0,0.0,0.0,0.0,0.0,0.0,0.0,0.0,0.0,0.0,0.0,0.0,0.0,0.0,0.0,0.0,0.0,0.0,0.0,0.0
Week,Student,All,04/27/20,0.0,0.0,0.0,0.0,0.0,0.0,0.0,0.0,0.0,0.0,0.0,0.0,0.0,0.0,0.0,0.0,0.0,0.0,0.0,0.0,0.0,0.0,0.0,0.0
Week,Student,All,04/20/20,0.0,0.0,0.0,0.0,0.0,0.0,0.0,0.0,0.0,0.0,0.0,0.0,0.0,0.0,0.0,0.0,0.0,0.0,0.0,0.0,0.0,0.0,0.0,0.0
Week,Student,All,04/13/20,0.0,0.0,0.0,0.0,0.0,0.0,0.0,0.0,0.0,0.0,0.0,0.0,0.0,0.0,0.0,0.0,0.0,0.0,0.0,0.0,0.0,0.0,0.0,0.0
Week,Student,All,04/06/20,0.0,0.0,0.0,0.0,0.0,0.0,0.0,0.0,0.0,0.0,0.0,0.0,0.0,0.0,0.0,0.0,0.0,0.0,0.0,0.0,0.0,0.0,0.0,0.0
Week,Student,All,03/30/20,0.0,0.0,0.0,0.0,0.0,0.0,0.0,0.0,0.0,0.0,0.0,0.0,0.0,0.0,0.0,0.0,0.0,0.0,0.0,0.0,0.0,0.0,0.0,0.0
Week,Student,All,03/23/20,0.0,0.0,0.0,0.0,0.0,0.0,0.0,0.0,0.0,0.0,0.0,0.0,0.0,0.0,0.0,0.0,0.0,0.0,0.0,0.0,0.0,0.0,0.0,0.0
Week,Student,All,03/16/20,1.08,0.8,0.25,0.45,0.07,0.0,0.0,0.0,0.0,0.0,0.0,0.0,0.0,0.0,0.0,0.0,0.0,0.0,0.0,0.0,0.0,14.12,5.57,2.65
Week,Student,All,03/09/20,0.95,0.3,0.23,0.07,0.9,0.03,0.0,0.0,0.0,0.0,0.0,0.0,0.0,0.0,0.0,0.0,0.0,0.0,0.0,0.0,0.0,33.73,7.22,2.48
Week,Student,All,03/02/20,1.38,0.72,0.15,0.18,0.0,0.0,0.0,0.0,0.0,0.0,0.0,0.0,0.0,0.0,0.0,0.0,0.0,0.0,0.0,0.0,0.0,32.02,4.0,2.43
Week,Student,All,02/24/20,0.83,0.2,0.08,0.0,0.0,0.0,0.0,0.0,0.0,0.0,0.0,0.0,0.0,0.0,0.0,0.0,0.0,0.0,0.0,0.0,0.0,42.03,1.48,1.12
Week,Student,All,02/17/20,0.45,0.0,0.0,0.0,0.0,0.0,0.0,0.0,0.0,0.0,0.0,0.0,0.0,0.0,0.0,0.0,0.0,0.0,0.0,0.0,0.0,31.55,0.45,0.45
Week,Student,All,02/10/20,4.15,0.13,0.35,0.27,0.03,0.03,0.0,0.03,0.02,0.05,0.02,0.03,0.08,0.08,0.23,1.28,0.0,0.0,0.0,0.0,0.0,33.02,34.68,6.8
Week,Student,All,02/03/20,2.1,0.87,0.13,0.02,0.07,0.15,0.08,0.02,0.03,0.02,0.18,0.08,0.07,0.1,0.23,0.02,0.0,0.0,0.0,0.0,0.0,25.2,15.77,4.17
Week,Student,All,01/27/20,4.13,1.37,0.38,0.2,0.25,0.35,0.42,0.07,0.07,0.05,0.07,0.15,0.2,0.15,0.43,1.55,0.47,0.0,0.0,0.0,0.0,25.9,63.18,10.3
Week,Student,All,01/20/20,0.67,0.63,0.15,0.18,0.3,0.1,0.37,0.38,0.3,0.2,0.48,0.1,0.17,0.3,0.42,0.78,0.82,0.0,0.0,0.0,0.0,32.0,61.1,6.35
Week,Student,All,01/13/20,1.13,0.38,0.2,0.22,0.15,0.15,0.05,0.23,0.27,0.05,0.12,0.28,0.33,0.17,0.35,1.15,1.0,0.0,0.0,0.0,0.0,25.47,62.13,6.23
Week,Student,All,01/06/20,1.18,0.07,0.02,0.07,0.07,0.02,0.13,0.05,0.08,0.2,0.28,0.02,0.0,0.05,0.2,0.37,0.0,0.0,0.0,0.0,0.0,23.38,19.03,2.8
Week,Student,All,12/30/19,0.0,0.0,0.0,0.0,0.0,0.0,0.0,0.0,0.0,0.0,0.0,0.0,0.0,0.0,0.0,0.0,0.0,0.0,0.0,0.0,0.0,0.0,0.0,0.0
Week,Student,All,12/23/19,0.0,0.0,0.0,0.0,0.0,0.0,0.0,0.0,0.0,0.0,0.0,0.0,0.0,0.0,0.0,0.0,0.0,0.0,0.0,0.0,0.0,0.0,0.0,0.0
Week,Student,All,12/16/19,0.0,0.0,0.0,0.0,0.0,0.0,0.0,0.0,0.0,0.0,0.0,0.0,0.0,0.0,0.0,0.0,0.0,0.0,0.0,0.0,0.0,0.0,0.0,0.0
Week,Student,All,12/09/19,0.0,0.0,0.0,0.0,0.0,0.0,0.0,0.0,0.0,0.0,0.0,0.0,0.0,0.0,0.0,0.0,0.0,0.0,0.0,0.0,0.0,0.0,0.0,0.0
Week,Student,All,12/02/19,0.0,0.0,0.0,0.0,0.0,0.0,0.0,0.0,0.0,0.0,0.0,0.0,0.0,0.0,0.0,0.0,0.0,0.0,0.0,0.0,0.0,6.1,0.0,0.0
Week,Student,All,11/25/19,0.02,0.0,0.0,0.0,0.05,0.02,0.0,0.0,0.0,0.0,0.0,0.0,0.0,0.0,0.0,0.0,0.0,0.0,0.0,0.0,0.0,0.1,0.37,0.08
Week,Student,All,11/18/19,1.9,0.17,0.33,0.02,0.02,0.07,0.08,0.13,0.18,0.32,0.25,0.37,0.87,0.97,1.78,2.02,0.23,0.0,0.0,0.0,0.0,34.73,105.18,9.7
Week,Student,All,11/11/19,0.53,0.33,0.52,0.2,0.27,0.05,0.2,0.27,0.1,0.08,0.13,0.08,0.37,0.53,1.83,2.12,0.83,0.0,0.0,0.0,0.0,31.42,100.68,8.45
Week,Student,All,11/04/19,0.35,0.45,0.25,0.55,0.28,0.33,0.1,0.12,0.2,0.6,0.28,0.62,0.82,1.15,1.73,2.75,2.58,0.0,0.0,0.0,0.0,37.75,168.2,13.17
Week,Student,All,10/28/19,0.35,0.4,0.27,1.6,0.37,0.43,0.18,0.4,0.28,0.43,0.2,0.63,0.65,1.12,2.08,3.48,4.38,0.0,0.0,0.0,0.0,36.17,219.53,17.27
Week,Student,All,10/21/19,0.58,1.08,0.73,0.97,0.23,1.37,0.42,0.33,0.4,1.02,0.33,0.38,0.47,1.02,1.5,2.18,1.07,0.0,0.0,0.0,0.0,37.77,141.67,14.08
Week,Student,All,10/14/19,0.13,1.07,0.53,0.53,0.43,1.15,1.33,0.72,0.68,0.0,0.1,0.17,0.3,0.28,0.55,0.2,0.0,0.0,0.0,0.0,0.0,25.88,58.7,8.18
Week,Student,All,10/07/19,0.43,1.12,1.18,1.98,0.48,0.85,0.42,0.57,0.8,0.78,0.77,1.25,1.62,1.73,3.23,5.12,1.9,0.0,0.0,0.0,0.0,35.97,275.53,24.23
Week,Student,All,09/30/19,1.92,0.83,0.78,0.13,0.5,1.3,0.52,0.37,0.82,0.82,1.2,1.63,1.88,1.52,2.62,3.73,2.1,0.0,0.0,0.0,0.0,30.28,252.03,22.67
Week,Student,All,09/23/19,0.47,0.08,0.42,0.13,0.27,0.25,0.13,0.15,1.13,0.57,0.55,0.87,1.18,1.85,2.3,2.37,2.32,0.0,0.0,0.0,0.0,28.0,192.73,15.03
Week,Student,All,09/16/19,1.42,1.75,0.47,0.32,0.42,0.25,0.3,0.48,0.43,1.35,0.55,1.12,1.63,1.5,2.13,1.65,1.22,0.0,0.0,0.0,0.0,33.78,175.3,16.98
Week,Student,All,09/09/19,2.03,1.83,0.62,0.33,0.43,0.9,0.77,0.18,0.18,0.25,0.3,0.43,0.88,1.38,2.67,3.8,0.0,0.0,0.0,0.0,0.0,35.73,167.58,17.0
Week,Student,All,09/02/19,3.6,0.37,0.6,0.1,0.07,0.13,0.12,0.13,0.1,0.07,0.2,0.15,0.17,0.38,0.7,0.92,0.0,0.0,0.0,0.0,0.0,37.55,47.82,7.8
Week,Student,All,08/29/19,1.42,1.77,0.82,0.05,0.07,0.02,0.27,0.1,0.02,0.02,0.08,0.5,0.35,0.02,0.15,0.02,0.0,0.0,0.0,0.0,0.0,7.63,25.23,5.65
Week,Teacher,Active,01/24/22,3.58,0.0,0.0,0.0,0.0,0.0,0.0,0.0,0.0,0.0,0.0,0.0,0.0,0.0,0.0,0.0,0.0,0.0,0.0,0.0,0.0,9.38,3.58,3.58
Week,Teacher,Active,01/17/22,2.05,0.0,0.0,0.0,0.0,0.0,0.0,0.0,0.0,0.0,0.0,0.0,0.0,0.0,0.0,0.0,0.0,0.0,0.0,0.0,0.0,10.82,2.05,2.05
Week,Teacher,Active,01/10/22,0.0,0.0,0.0,0.0,0.0,0.0,0.0,0.0,0.0,0.0,0.0,0.0,0.0,0.0,0.0,0.0,0.0,0.0,0.0,0.0,0.0,0.0,0.0,0.0
Week,Teacher,Active,01/03/22,0.0,0.0,0.0,0.0,0.0,0.0,0.0,0.0,0.0,0.0,0.0,0.0,0.0,0.0,0.0,0.0,0.0,0.0,0.0,0.0,0.0,0.0,0.0,0.0
Week,Teacher,Active,12/27/21,0.0,0.0,0.0,0.0,0.0,0.0,0.0,0.0,0.0,0.0,0.0,0.0,0.0,0.0,0.0,0.0,0.0,0.0,0.0,0.0,0.0,0.0,0.0,0.0
Week,Teacher,Active,12/20/21,0.0,0.0,0.0,0.0,0.0,0.0,0.0,0.0,0.0,0.0,0.0,0.0,0.0,0.0,0.0,0.0,0.0,0.0,0.0,0.0,0.0,0.0,0.0,0.0
Week,Teacher,Active,12/13/21,0.0,0.0,0.0,0.0,0.0,0.0,0.0,0.0,0.0,0.0,0.0,0.0,0.0,0.0,0.0,0.0,0.0,0.0,0.0,0.0,0.0,0.0,0.0,0.0
Week,Teacher,Active,12/06/21,4.73,0.07,0.03,0.0,0.0,0.0,0.0,0.0,0.0,0.0,0.0,0.0,0.0,0.0,0.0,0.0,0.0,0.0,0.0,0.0,0.0,5.73,4.97,4.83
Week,Teacher,Active,11/29/21,0.0,0.0,0.0,0.0,0.0,0.0,0.0,0.0,0.0,0.0,0.0,0.0,0.0,0.0,0.0,0.0,0.0,0.0,0.0,0.0,0.0,0.0,0.0,0.0
Week,Teacher,Active,11/22/21,1.07,0.0,0.0,0.0,0.0,0.0,0.0,0.0,0.0,0.0,0.0,0.0,0.0,0.0,0.0,0.0,0.0,0.0,0.0,0.0,0.0,6.22,1.07,1.07
Week,Teacher,Active,11/15/21,0.08,0.0,0.0,0.0,0.0,0.0,0.0,0.0,0.0,0.0,0.0,0.0,0.0,0.0,0.0,0.0,0.0,0.0,0.0,0.0,0.0,2.97,0.08,0.08
Week,Teacher,Active,11/08/21,0.0,0.0,0.0,0.0,0.0,0.0,0.0,0.0,0.0,0.0,0.0,0.0,0.0,0.0,0.0,0.0,0.0,0.0,0.0,0.0,0.0,0.0,0.0,0.0
Week,Teacher,Active,11/01/21,0.07,0.0,0.0,0.0,0.0,0.0,0.0,0.0,0.0,0.0,0.0,0.0,0.0,0.0,0.0,0.0,0.0,0.0,0.0,0.0,0.0,10.87,0.07,0.07
Week,Teacher,Active,10/25/21,0.1,0.0,0.0,0.0,0.0,0.0,0.0,0.0,0.0,0.0,0.0,0.0,0.0,0.0,0.0,0.0,0.0,0.0,0.0,0.0,0.0,4.95,0.1,0.1
Week,Teacher,Active,10/18/21,2.35,0.0,0.0,0.0,0.0,0.0,0.0,0.0,0.0,0.0,0.0,0.0,0.0,0.0,0.0,0.0,0.0,0.0,0.0,0.0,0.0,14.92,2.35,2.35
Week,Teacher,Active,10/11/21,1.35,0.0,0.0,0.0,0.0,0.0,0.0,0.0,0.0,0.0,0.0,0.0,0.0,0.0,0.0,0.0,0.0,0.0,0.0,0.0,0.0,9.93,1.35,1.35
Week,Teacher,Active,10/04/21,0.83,0.0,0.0,0.0,0.0,0.0,0.0,0.0,0.0,0.0,0.0,0.0,0.0,0.0,0.0,0.0,0.0,0.0,0.0,0.0,0.0,28.82,0.83,0.83
Week,Teacher,Active,09/27/21,6.05,2.58,0.02,0.0,0.0,0.0,0.0,0.0,0.0,0.0,0.0,0.0,0.0,0.0,0.0,0.0,0.0,0.0,0.0,0.0,0.0,42.22,11.27,8.65
Week,Teacher,Active,09/20/21,8.08,0.78,0.0,0.0,0.0,0.0,0.0,0.0,0.0,0.0,0.0,0.0,0.0,0.0,0.0,0.0,0.0,0.0,0.0,0.0,0.0,33.47,9.65,8.87
Week,Teacher,Active,09/13/21,0.0,0.0,0.0,0.0,0.0,0.0,0.0,0.0,0.0,0.0,0.0,0.0,0.0,0.0,0.0,0.0,0.0,0.0,0.0,0.0,0.0,0.0,0.0,0.0
Week,Teacher,Active,09/06/21,0.82,0.05,0.0,0.0,0.0,0.0,0.0,0.0,0.0,0.0,0.0,0.0,0.0,0.0,0.0,0.0,0.0,0.0,0.0,0.0,0.0,11.27,0.92,0.87
Week,Teacher,Active,08/30/21,10.65,1.98,0.0,0.0,0.0,0.0,0.0,0.0,0.0,0.0,0.0,0.0,0.0,0.0,0.0,0.0,0.0,0.0,0.0,0.0,0.0,49.92,14.62,12.63
Week,Teacher,Active,08/23/21,19.88,2.1,0.0,0.0,0.0,0.0,0.0,0.0,0.0,0.0,0.0,0.0,0.0,0.0,0.0,0.0,0.0,0.0,0.0,0.0,0.0,41.68,24.08,21.98
Week,Teacher,Active,08/16/21,16.32,6.82,0.0,0.0,0.0,0.0,0.0,0.0,0.0,0.0,0.0,0.0,0.0,0.0,0.0,0.0,0.0,0.0,0.0,0.0,0.0,43.87,29.95,23.13
Week,Teacher,Active,08/09/21,4.25,0.0,0.0,0.0,0.0,0.0,0.0,0.0,0.0,0.0,0.0,0.0,0.0,0.0,0.0,0.0,0.0,0.0,0.0,0.0,0.0,40.98,4.25,4.25
Week,Teacher,Active,08/02/21,25.9,0.0,0.0,0.0,0.0,0.0,0.0,0.0,0.0,0.0,0.0,0.0,0.0,0.0,0.0,0.0,0.0,0.0,0.0,0.0,0.0,60.47,25.9,25.9
Week,Teacher,Active,07/26/21,17.52,4.03,0.0,0.0,0.0,0.0,0.0,0.0,0.0,0.0,0.0,0.0,0.0,0.0,0.0,0.0,0.0,0.0,0.0,0.0,0.0,52.53,25.58,21.55
Week,Teacher,Active,07/19/21,12.95,1.7,0.0,0.0,0.0,0.0,0.0,0.0,0.0,0.0,0.0,0.0,0.0,0.0,0.0,0.0,0.0,0.0,0.0,0.0,0.0,39.08,16.35,14.65
Week,Teacher,Active,07/12/21,10.37,0.0,0.0,0.0,0.0,0.0,0.0,0.0,0.0,0.0,0.0,0.0,0.0,0.0,0.0,0.0,0.0,0.0,0.0,0.0,0.0,44.12,10.37,10.37
Week,Teacher,Active,07/05/21,5.02,0.95,0.0,0.0,0.0,0.0,0.0,0.0,0.0,0.0,0.0,0.0,0.0,0.0,0.0,0.0,0.0,0.0,0.0,0.0,0.0,24.4,6.92,5.97
Week,Teacher,Active,06/28/21,0.0,0.0,0.0,0.0,0.0,0.0,0.0,0.0,0.0,0.0,0.0,0.0,0.0,0.0,0.0,0.0,0.0,0.0,0.0,0.0,0.0,0.0,0.0,0.0
Week,Teacher,Active,06/21/21,0.22,0.0,0.0,0.0,0.0,0.0,0.0,0.0,0.0,0.0,0.0,0.0,0.0,0.0,0.0,0.0,0.0,0.0,0.0,0.0,0.0,0.63,0.22,0.22
Week,Teacher,Active,06/14/21,5.97,0.0,0.0,0.0,0.0,0.0,0.0,0.0,0.0,0.0,0.0,0.0,0.0,0.0,0.0,0.0,0.0,0.0,0.0,0.0,0.0,14.7,5.97,5.97
Week,Teacher,Active,06/07/21,3.57,0.0,0.0,0.0,0.0,0.0,0.0,0.0,0.0,0.0,0.0,0.0,0.0,0.0,0.0,0.0,0.0,0.0,0.0,0.0,0.0,4.92,3.57,3.57
Week,Teacher,Active,05/31/21,15.42,15.3,2.28,0.27,0.0,0.0,0.0,0.0,0.0,0.0,0.0,0.0,0.0,0.0,0.0,0.0,0.0,0.0,0.0,0.0,0.0,52.35,53.93,33.27
Week,Teacher,Active,05/24/21,24.63,0.23,0.0,0.0,0.0,0.0,0.0,0.0,0.0,0.0,0.0,0.0,0.0,0.0,0.0,0.0,0.0,0.0,0.0,0.0,0.0,69.83,25.1,24.87
Week,Teacher,Active,05/17/21,22.2,0.57,0.0,0.0,0.0,0.0,0.0,0.0,0.0,0.0,0.0,0.0,0.0,0.0,0.0,0.0,0.0,0.0,0.0,0.0,0.0,65.22,23.33,22.77
Week,Teacher,Active,05/10/21,7.6,2.72,0.0,0.0,0.0,0.0,0.0,0.0,0.0,0.0,0.0,0.0,0.0,0.0,0.0,0.0,0.0,0.0,0.0,0.0,0.0,31.73,13.03,10.32
Week,Teacher,Active,05/03/21,11.75,5.63,0.0,0.0,0.0,0.0,0.0,0.0,0.0,0.0,0.0,0.0,0.0,0.0,0.0,0.0,0.0,0.0,0.0,0.0,0.0,57.45,23.02,17.38
Week,Teacher,Active,04/26/21,8.22,0.53,0.0,0.0,0.0,0.0,0.0,0.0,0.0,0.0,0.0,0.0,0.0,0.0,0.0,0.0,0.0,0.0,0.0,0.0,0.0,51.35,9.28,8.75
Week,Teacher,Active,04/19/21,19.93,3.58,0.03,0.0,0.0,0.0,0.0,0.0,0.0,0.0,0.0,0.0,0.0,0.0,0.0,0.0,0.0,0.0,0.0,0.0,0.0,53.5,27.2,23.55
Week,Teacher,Active,04/12/21,18.82,0.78,0.0,0.0,0.0,0.0,0.0,0.0,0.0,0.0,0.0,0.0,0.0,0.0,0.0,0.0,0.0,0.0,0.0,0.0,0.0,35.03,20.38,19.6
Week,Teacher,Active,04/05/21,0.0,0.0,0.0,0.0,0.0,0.0,0.0,0.0,0.0,0.0,0.0,0.0,0.0,0.0,0.0,0.0,0.0,0.0,0.0,0.0,0.0,0.0,0.0,0.0
Week,Teacher,Active,03/29/21,0.0,0.0,0.0,0.0,0.0,0.0,0.0,0.0,0.0,0.0,0.0,0.0,0.0,0.0,0.0,0.0,0.0,0.0,0.0,0.0,0.0,0.0,0.0,0.0
Week,Teacher,Active,03/22/21,9.2,3.48,0.08,0.0,0.0,0.0,0.0,0.0,0.0,0.0,0.0,0.0,0.0,0.0,0.0,0.0,0.0,0.0,0.0,0.0,0.0,33.28,16.42,12.77
Week,Teacher,Active,03/15/21,8.08,0.2,0.0,0.0,0.0,0.0,0.0,0.0,0.0,0.0,0.0,0.0,0.0,0.0,0.0,0.0,0.0,0.0,0.0,0.0,0.0,31.72,8.48,8.28
Week,Teacher,Active,03/08/21,8.57,10.05,0.0,0.0,0.0,0.0,0.0,0.0,0.0,0.0,0.0,0.0,0.0,0.0,0.0,0.0,0.0,0.0,0.0,0.0,0.0,23.63,28.67,18.62
Week,Teacher,Active,03/01/21,9.7,2.08,0.0,0.0,0.0,0.0,0.0,0.0,0.0,0.0,0.0,0.0,0.0,0.0,0.0,0.0,0.0,0.0,0.0,0.0,0.0,33.32,13.87,11.78
Week,Teacher,Active,02/22/21,12.28,0.0,0.0,0.0,0.0,0.0,0.0,0.0,0.0,0.0,0.0,0.0,0.0,0.0,0.0,0.0,0.0,0.0,0.0,0.0,0.0,30.4,12.28,12.28
Week,Teacher,Active,02/15/21,3.37,0.0,0.0,0.0,0.0,0.0,0.0,0.0,0.0,0.0,0.0,0.0,0.0,0.0,0.0,0.0,0.0,0.0,0.0,0.0,0.0,15.23,3.37,3.37
Week,Teacher,Active,02/08/21,4.75,0.0,0.0,0.0,0.0,0.0,0.0,0.0,0.0,0.0,0.0,0.0,0.0,0.0,0.0,0.0,0.0,0.0,0.0,0.0,0.0,28.58,4.75,4.75
Week,Teacher,Active,02/01/21,17.15,0.0,0.0,0.0,0.0,0.0,0.0,0.0,0.0,0.0,0.0,0.0,0.0,0.0,0.0,0.0,0.0,0.0,0.0,0.0,0.0,31.3,17.15,17.15
Week,Teacher,Active,01/25/21,16.23,7.3,0.0,0.0,0.0,0.0,0.0,0.0,0.0,0.0,0.0,0.0,0.0,0.0,0.0,0.0,0.0,0.0,0.0,0.0,0.0,36.98,30.83,23.53
Week,Teacher,Active,01/18/21,16.28,4.67,0.0,0.0,0.0,0.0,0.0,0.0,0.0,0.0,0.0,0.0,0.0,0.0,0.0,0.0,0.0,0.0,0.0,0.0,0.0,30.9,25.62,20.95
Week,Teacher,Active,01/11/21,12.03,0.0,0.0,0.0,0.0,0.0,0.0,0.0,0.0,0.0,0.0,0.0,0.0,0.0,0.0,0.0,0.0,0.0,0.0,0.0,0.0,27.52,12.03,12.03
Week,Teacher,Active,01/04/21,3.48,1.18,0.0,0.0,0.0,0.0,0.0,0.0,0.0,0.0,0.0,0.0,0.0,0.0,0.0,0.0,0.0,0.0,0.0,0.0,0.0,6.37,5.85,4.67
Week,Teacher,Active,12/28/20,0.0,0.0,0.0,0.0,0.0,0.0,0.0,0.0,0.0,0.0,0.0,0.0,0.0,0.0,0.0,0.0,0.0,0.0,0.0,0.0,0.0,0.0,0.0,0.0
Week,Teacher,Active,12/21/20,0.0,0.0,0.0,0.0,0.0,0.0,0.0,0.0,0.0,0.0,0.0,0.0,0.0,0.0,0.0,0.0,0.0,0.0,0.0,0.0,0.0,0.0,0.0,0.0
Week,Teacher,Active,12/14/20,13.28,2.48,0.17,0.0,0.0,0.0,0.0,0.0,0.0,0.0,0.0,0.0,0.0,0.0,0.0,0.0,0.0,0.0,0.0,0.0,0.0,20.57,18.75,15.93
Week,Teacher,Active,12/07/20,2.22,4.23,1.13,0.0,0.0,0.0,0.0,0.0,0.0,0.0,0.0,0.0,0.0,0.0,0.0,0.0,0.0,0.0,0.0,0.0,0.0,9.1,14.08,7.58
Week,Teacher,Active,11/30/20,3.13,0.0,0.0,0.0,0.0,0.0,0.0,0.0,0.0,0.0,0.0,0.0,0.0,0.0,0.0,0.0,0.0,0.0,0.0,0.0,0.0,27.45,3.13,3.13
Week,Teacher,Active,11/23/20,2.3,0.0,0.0,0.0,0.0,0.0,0.0,0.0,0.0,0.0,0.0,0.0,0.0,0.0,0.0,0.0,0.0,0.0,0.0,0.0,0.0,56.73,2.3,2.3
Week,Teacher,Active,11/16/20,6.75,0.0,0.0,0.0,0.0,0.0,0.0,0.0,0.0,0.0,0.0,0.0,0.0,0.0,0.0,0.0,0.0,0.0,0.0,0.0,0.0,75.88,6.75,6.75
Week,Teacher,Active,11/09/20,2.33,0.02,0.0,0.0,0.0,0.0,0.0,0.0,0.0,0.0,0.0,0.0,0.0,0.0,0.0,0.0,0.0,0.0,0.0,0.0,0.0,57.6,2.37,2.35
Week,Teacher,Active,11/02/20,13.15,2.73,0.0,0.0,0.0,0.0,0.0,0.0,0.0,0.0,0.0,0.0,0.0,0.0,0.0,0.0,0.0,0.0,0.0,0.0,0.0,57.28,18.62,15.88
Week,Teacher,Active,10/26/20,3.15,0.4,0.0,0.0,0.0,0.0,0.0,0.0,0.0,0.0,0.0,0.0,0.0,0.0,0.0,0.0,0.0,0.0,0.0,0.0,0.0,9.93,3.95,3.55
Week,Teacher,Active,10/19/20,0.1,0.0,0.0,0.0,0.0,0.0,0.0,0.0,0.0,0.0,0.0,0.0,0.0,0.0,0.0,0.0,0.0,0.0,0.0,0.0,0.0,21.88,0.1,0.1
Week,Teacher,Active,10/12/20,7.22,4.92,0.57,0.0,0.0,0.0,0.0,0.0,0.0,0.0,0.0,0.0,0.0,0.0,0.0,0.0,0.0,0.0,0.0,0.0,0.0,50.78,18.75,12.7
Week,Teacher,Active,10/05/20,21.75,0.27,0.0,0.0,0.0,0.0,0.0,0.0,0.0,0.0,0.0,0.0,0.0,0.0,0.0,0.0,0.0,0.0,0.0,0.0,0.0,52.02,22.28,22.02
Week,Teacher,Active,09/28/20,10.15,1.55,0.0,0.0,0.0,0.0,0.0,0.0,0.0,0.0,0.0,0.0,0.0,0.0,0.0,0.0,0.0,0.0,0.0,0.0,0.0,44.55,13.25,11.7
Week,Teacher,Active,09/21/20,4.77,3.58,1.17,0.93,0.3,0.0,0.0,0.0,0.0,0.0,0.0,0.0,0.0,0.0,0.0,0.0,0.0,0.0,0.0,0.0,0.0,28.02,20.67,10.75
Week,Teacher,Active,09/14/20,18.52,3.57,1.03,0.0,0.0,0.0,0.0,0.0,0.0,0.0,0.0,0.0,0.0,0.0,0.0,0.0,0.0,0.0,0.0,0.0,0.0,36.57,28.75,23.12
Week,Teacher,Active,09/07/20,14.22,0.6,0.17,0.0,0.0,0.0,0.0,0.0,0.0,0.0,0.0,0.0,0.0,0.0,0.0,0.0,0.0,0.0,0.0,0.0,0.0,33.38,15.92,14.98
Week,Teacher,Active,08/31/20,0.0,0.0,0.0,0.0,0.0,0.0,0.0,0.0,0.0,0.0,0.0,0.0,0.0,0.0,0.0,0.0,0.0,0.0,0.0,0.0,0.0,0.0,0.0,0.0
Week,Teacher,Active,08/24/20,5.63,1.6,1.08,0.0,0.0,0.0,0.0,0.0,0.0,0.0,0.0,0.0,0.0,0.0,0.0,0.0,0.0,0.0,0.0,0.0,0.0,26.58,12.08,8.32
Week,Teacher,Active,08/17/20,11.03,0.0,0.0,0.0,0.0,0.0,0.0,0.0,0.0,0.0,0.0,0.0,0.0,0.0,0.0,0.0,0.0,0.0,0.0,0.0,0.0,38.63,11.03,11.03
Week,Teacher,Active,08/10/20,7.78,5.85,0.15,0.0,0.0,0.0,0.0,0.0,0.0,0.0,0.0,0.0,0.0,0.0,0.0,0.0,0.0,0.0,0.0,0.0,0.0,30.65,19.93,13.78
Week,Teacher,Active,08/03/20,0.0,0.0,0.0,0.0,0.0,0.0,0.0,0.0,0.0,0.0,0.0,0.0,0.0,0.0,0.0,0.0,0.0,0.0,0.0,0.0,0.0,0.0,0.0,0.0
Week,Teacher,Active,07/27/20,0.0,0.0,0.0,0.0,0.0,0.0,0.0,0.0,0.0,0.0,0.0,0.0,0.0,0.0,0.0,0.0,0.0,0.0,0.0,0.0,0.0,0.0,0.0,0.0
Week,Teacher,Active,07/20/20,14.38,4.2,1.5,0.0,0.0,0.0,0.0,0.0,0.0,0.0,0.0,0.0,0.0,0.0,0.0,0.0,0.0,0.0,0.0,0.0,0.0,51.45,27.28,20.08
Week,Teacher,Active,07/13/20,15.47,6.4,0.43,0.73,0.0,0.0,0.0,0.0,0.0,0.0,0.0,0.0,0.0,0.0,0.0,0.0,0.0,0.0,0.0,0.0,0.0,36.27,32.5,23.03
Week,Teacher,Active,07/06/20,0.83,0.0,0.0,0.0,0.0,0.0,0.0,0.0,0.0,0.0,0.0,0.0,0.0,0.0,0.0,0.0,0.0,0.0,0.0,0.0,0.0,15.55,0.83,0.83
Week,Teacher,Active,06/29/20,7.98,3.88,2.03,1.82,0.08,0.0,0.0,0.0,0.0,0.0,0.0,0.0,0.0,0.0,0.0,0.0,0.0,0.0,0.0,0.0,0.0,41.45,29.53,15.8
Week,Teacher,Active,06/22/20,0.0,0.0,0.0,0.0,0.0,0.0,0.0,0.0,0.0,0.0,0.0,0.0,0.0,0.0,0.0,0.0,0.0,0.0,0.0,0.0,0.0,0.0,0.0,0.0
Week,Teacher,Active,06/15/20,0.0,0.0,0.0,0.0,0.0,0.0,0.0,0.0,0.0,0.0,0.0,0.0,0.0,0.0,0.0,0.0,0.0,0.0,0.0,0.0,0.0,0.0,0.0,0.0
Week,Teacher,Active,06/08/20,0.0,0.0,0.0,0.0,0.0,0.0,0.0,0.0,0.0,0.0,0.0,0.0,0.0,0.0,0.0,0.0,0.0,0.0,0.0,0.0,0.0,0.0,0.0,0.0
Week,Teacher,Active,06/01/20,0.0,0.0,0.0,0.0,0.0,0.0,0.0,0.0,0.0,0.0,0.0,0.0,0.0,0.0,0.0,0.0,0.0,0.0,0.0,0.0,0.0,0.0,0.0,0.0
Week,Teacher,Active,05/25/20,0.0,0.0,0.0,0.0,0.0,0.0,0.0,0.0,0.0,0.0,0.0,0.0,0.0,0.0,0.0,0.0,0.0,0.0,0.0,0.0,0.0,0.0,0.0,0.0
Week,Teacher,Active,05/18/20,0.0,0.0,0.0,0.0,0.0,0.0,0.0,0.0,0.0,0.0,0.0,0.0,0.0,0.0,0.0,0.0,0.0,0.0,0.0,0.0,0.0,0.0,0.0,0.0
Week,Teacher,Active,05/11/20,0.0,0.0,0.0,0.0,0.0,0.0,0.0,0.0,0.0,0.0,0.0,0.0,0.0,0.0,0.0,0.0,0.0,0.0,0.0,0.0,0.0,0.0,0.0,0.0
Week,Teacher,Active,05/04/20,0.0,0.0,0.0,0.0,0.0,0.0,0.0,0.0,0.0,0.0,0.0,0.0,0.0,0.0,0.0,0.0,0.0,0.0,0.0,0.0,0.0,0.0,0.0,0.0
Week,Teacher,Active,04/27/20,0.0,0.0,0.0,0.0,0.0,0.0,0.0,0.0,0.0,0.0,0.0,0.0,0.0,0.0,0.0,0.0,0.0,0.0,0.0,0.0,0.0,0.0,0.0,0.0
Week,Teacher,Active,04/20/20,0.0,0.0,0.0,0.0,0.0,0.0,0.0,0.0,0.0,0.0,0.0,0.0,0.0,0.0,0.0,0.0,0.0,0.0,0.0,0.0,0.0,0.0,0.0,0.0
Week,Teacher,Active,04/13/20,0.0,0.0,0.0,0.0,0.0,0.0,0.0,0.0,0.0,0.0,0.0,0.0,0.0,0.0,0.0,0.0,0.0,0.0,0.0,0.0,0.0,0.0,0.0,0.0
Week,Teacher,Active,04/06/20,0.0,0.0,0.0,0.0,0.0,0.0,0.0,0.0,0.0,0.0,0.0,0.0,0.0,0.0,0.0,0.0,0.0,0.0,0.0,0.0,0.0,0.0,0.0,0.0
Week,Teacher,Active,03/30/20,0.0,0.0,0.0,0.0,0.0,0.0,0.0,0.0,0.0,0.0,0.0,0.0,0.0,0.0,0.0,0.0,0.0,0.0,0.0,0.0,0.0,0.0,0.0,0.0
Week,Teacher,Active,03/23/20,0.0,0.0,0.0,0.0,0.0,0.0,0.0,0.0,0.0,0.0,0.0,0.0,0.0,0.0,0.0,0.0,0.0,0.0,0.0,0.0,0.0,0.0,0.0,0.0
Week,Teacher,Active,03/16/20,5.62,1.57,0.03,0.0,0.0,0.0,0.0,0.0,0.0,0.0,0.0,0.0,0.0,0.0,0.0,0.0,0.0,0.0,0.0,0.0,0.0,14.12,8.85,7.22
Week,Teacher,Active,03/09/20,15.85,6.25,2.08,0.35,0.0,0.0,0.0,0.0,0.0,0.0,0.0,0.0,0.0,0.0,0.0,0.0,0.0,0.0,0.0,0.0,0.0,33.73,36.0,24.53
Week,Teacher,Active,03/02/20,6.88,4.08,0.53,0.0,0.0,0.0,0.0,0.0,0.0,0.0,0.0,0.0,0.0,0.0,0.0,0.0,0.0,0.0,0.0,0.0,0.0,32.02,16.65,11.5
Week,Teacher,Active,02/24/20,16.23,3.97,2.02,0.0,0.0,0.0,0.0,0.0,0.0,0.0,0.0,0.0,0.0,0.0,0.0,0.0,0.0,0.0,0.0,0.0,0.0,42.03,30.22,22.22
Week,Teacher,Active,02/17/20,14.38,3.55,0.0,0.0,0.0,0.0,0.0,0.0,0.0,0.0,0.0,0.0,0.0,0.0,0.0,0.0,0.0,0.0,0.0,0.0,0.0,31.55,21.48,17.93
Week,Teacher,Active,02/10/20,17.43,6.63,0.83,0.0,0.0,0.0,0.0,0.0,0.0,0.0,0.0,0.0,0.0,0.0,0.0,0.0,0.0,0.0,0.0,0.0,0.0,33.02,33.2,24.9
Week,Teacher,Active,02/03/20,8.92,4.32,0.37,0.0,0.0,0.0,0.0,0.0,0.0,0.0,0.0,0.0,0.0,0.0,0.0,0.0,0.0,0.0,0.0,0.0,0.0,25.2,18.65,13.6
Week,Teacher,Active,01/27/20,10.77,0.13,0.0,0.0,0.0,0.0,0.0,0.0,0.0,0.0,0.0,0.0,0.0,0.0,0.0,0.0,0.0,0.0,0.0,0.0,0.0,25.9,11.03,10.9
Week,Teacher,Active,01/20/20,7.07,0.0,0.0,0.0,0.0,0.0,0.0,0.0,0.0,0.0,0.0,0.0,0.0,0.0,0.0,0.0,0.0,0.0,0.0,0.0,0.0,32.0,7.07,7.07
Week,Teacher,Active,01/13/20,3.28,0.0,0.0,0.0,0.0,0.0,0.0,0.0,0.0,0.0,0.0,0.0,0.0,0.0,0.0,0.0,0.0,0.0,0.0,0.0,0.0,25.47,3.28,3.28
Week,Teacher,Active,01/06/20,12.15,1.53,0.15,0.0,0.0,0.0,0.0,0.0,0.0,0.0,0.0,0.0,0.0,0.0,0.0,0.0,0.0,0.0,0.0,0.0,0.0,23.38,15.67,13.83
Week,Teacher,Active,12/30/19,0.0,0.0,0.0,0.0,0.0,0.0,0.0,0.0,0.0,0.0,0.0,0.0,0.0,0.0,0.0,0.0,0.0,0.0,0.0,0.0,0.0,0.0,0.0,0.0
Week,Teacher,Active,12/23/19,0.0,0.0,0.0,0.0,0.0,0.0,0.0,0.0,0.0,0.0,0.0,0.0,0.0,0.0,0.0,0.0,0.0,0.0,0.0,0.0,0.0,0.0,0.0,0.0
Week,Teacher,Active,12/16/19,0.0,0.0,0.0,0.0,0.0,0.0,0.0,0.0,0.0,0.0,0.0,0.0,0.0,0.0,0.0,0.0,0.0,0.0,0.0,0.0,0.0,0.0,0.0,0.0
Week,Teacher,Active,12/09/19,0.0,0.0,0.0,0.0,0.0,0.0,0.0,0.0,0.0,0.0,0.0,0.0,0.0,0.0,0.0,0.0,0.0,0.0,0.0,0.0,0.0,0.0,0.0,0.0
Week,Teacher,Active,12/02/19,2.57,0.0,0.0,0.0,0.0,0.0,0.0,0.0,0.0,0.0,0.0,0.0,0.0,0.0,0.0,0.0,0.0,0.0,0.0,0.0,0.0,6.1,2.57,2.57
Week,Teacher,Active,11/25/19,0.0,0.0,0.0,0.0,0.0,0.0,0.0,0.0,0.0,0.0,0.0,0.0,0.0,0.0,0.0,0.0,0.0,0.0,0.0,0.0,0.0,0.1,0.0,0.0
Week,Teacher,Active,11/18/19,4.43,0.0,0.0,0.0,0.0,0.0,0.0,0.0,0.0,0.0,0.0,0.0,0.0,0.0,0.0,0.0,0.0,0.0,0.0,0.0,0.0,34.73,4.43,4.43
Week,Teacher,Active,11/11/19,16.28,0.75,0.23,0.0,0.0,0.0,0.0,0.0,0.0,0.0,0.0,0.0,0.0,0.0,0.0,0.0,0.0,0.0,0.0,0.0,0.0,31.42,18.48,17.27
Week,Teacher,Active,11/04/19,7.17,0.72,0.0,0.0,0.0,0.0,0.0,0.0,0.0,0.0,0.0,0.0,0.0,0.0,0.0,0.0,0.0,0.0,0.0,0.0,0.0,37.75,8.6,7.88
Week,Teacher,Active,10/28/19,5.62,1.82,0.47,0.0,0.0,0.0,0.0,0.0,0.0,0.0,0.0,0.0,0.0,0.0,0.0,0.0,0.0,0.0,0.0,0.0,0.0,36.17,10.65,7.9
Week,Teacher,Active,10/21/19,10.03,2.12,0.33,0.0,0.0,0.0,0.0,0.0,0.0,0.0,0.0,0.0,0.0,0.0,0.0,0.0,0.0,0.0,0.0,0.0,0.0,37.77,15.27,12.48
Week,Teacher,Active,10/14/19,7.92,2.62,0.75,0.0,0.0,0.0,0.0,0.0,0.0,0.0,0.0,0.0,0.0,0.0,0.0,0.0,0.0,0.0,0.0,0.0,0.0,25.88,15.4,11.28
Week,Teacher,Active,10/07/19,7.35,3.27,0.02,0.0,0.0,0.0,0.0,0.0,0.0,0.0,0.0,0.0,0.0,0.0,0.0,0.0,0.0,0.0,0.0,0.0,0.0,35.97,13.93,10.63
Week,Teacher,Active,09/30/19,7.78,0.47,0.0,0.0,0.0,0.0,0.0,0.0,0.0,0.0,0.0,0.0,0.0,0.0,0.0,0.0,0.0,0.0,0.0,0.0,0.0,30.28,8.72,8.25
Week,Teacher,Active,09/23/19,11.2,2.72,0.5,0.0,0.0,0.0,0.0,0.0,0.0,0.0,0.0,0.0,0.0,0.0,0.0,0.0,0.0,0.0,0.0,0.0,0.0,28.0,18.13,14.42
Week,Teacher,Active,09/16/19,19.9,3.47,1.53,0.0,0.0,0.0,0.0,0.0,0.0,0.0,0.0,0.0,0.0,0.0,0.0,0.0,0.0,0.0,0.0,0.0,0.0,33.78,31.43,24.9
Week,Teacher,Active,09/09/19,12.98,5.75,3.93,0.55,0.22,0.2,0.02,0.03,0.02,0.02,0.0,0.02,0.0,0.0,0.0,0.0,0.0,0.0,0.0,0.0,0.0,35.73,41.67,23.73
Week,Teacher,Active,09/02/19,8.68,2.75,0.33,0.0,0.0,0.0,0.0,0.0,0.0,0.0,0.0,0.0,0.0,0.0,0.0,0.0,0.0,0.0,0.0,0.0,0.0,37.55,15.18,11.77
Week,Teacher,Active,08/29/19,2.3,1.15,0.75,0.0,0.0,0.0,0.0,0.0,0.0,0.0,0.0,0.0,0.0,0.0,0.0,0.0,0.0,0.0,0.0,0.0,0.0,7.63,6.85,4.2
Week,Teacher,All,01/24/22,3.58,0.0,0.0,0.0,0.0,0.0,0.0,0.0,0.0,0.0,0.0,0.0,0.0,0.0,0.0,0.0,0.0,0.0,0.0,0.0,0.0,9.38,3.58,3.58
Week,Teacher,All,01/17/22,2.05,0.0,0.0,0.0,0.0,0.0,0.0,0.0,0.0,0.0,0.0,0.0,0.0,0.0,0.0,0.0,0.0,0.0,0.0,0.0,0.0,10.82,2.05,2.05
Week,Teacher,All,01/10/22,0.0,0.0,0.0,0.0,0.0,0.0,0.0,0.0,0.0,0.0,0.0,0.0,0.0,0.0,0.0,0.0,0.0,0.0,0.0,0.0,0.0,0.0,0.0,0.0
Week,Teacher,All,01/03/22,0.0,0.0,0.0,0.0,0.0,0.0,0.0,0.0,0.0,0.0,0.0,0.0,0.0,0.0,0.0,0.0,0.0,0.0,0.0,0.0,0.0,0.0,0.0,0.0
Week,Teacher,All,12/27/21,0.0,0.0,0.0,0.0,0.0,0.0,0.0,0.0,0.0,0.0,0.0,0.0,0.0,0.0,0.0,0.0,0.0,0.0,0.0,0.0,0.0,0.0,0.0,0.0
Week,Teacher,All,12/20/21,0.0,0.0,0.0,0.0,0.0,0.0,0.0,0.0,0.0,0.0,0.0,0.0,0.0,0.0,0.0,0.0,0.0,0.0,0.0,0.0,0.0,0.0,0.0,0.0
Week,Teacher,All,12/13/21,0.0,0.0,0.0,0.0,0.0,0.0,0.0,0.0,0.0,0.0,0.0,0.0,0.0,0.0,0.0,0.0,0.0,0.0,0.0,0.0,0.0,0.0,0.0,0.0
Week,Teacher,All,12/06/21,4.73,0.07,0.03,0.0,0.0,0.0,0.0,0.0,0.0,0.0,0.0,0.0,0.0,0.0,0.0,0.0,0.0,0.0,0.0,0.0,0.0,5.73,4.97,4.83
Week,Teacher,All,11/29/21,0.0,0.0,0.0,0.0,0.0,0.0,0.0,0.0,0.0,0.0,0.0,0.0,0.0,0.0,0.0,0.0,0.0,0.0,0.0,0.0,0.0,0.0,0.0,0.0
Week,Teacher,All,11/22/21,1.07,0.0,0.0,0.0,0.0,0.0,0.0,0.0,0.0,0.0,0.0,0.0,0.0,0.0,0.0,0.0,0.0,0.0,0.0,0.0,0.0,6.22,1.07,1.07
Week,Teacher,All,11/15/21,0.08,0.0,0.0,0.0,0.0,0.0,0.0,0.0,0.0,0.0,0.0,0.0,0.0,0.0,0.0,0.0,0.0,0.0,0.0,0.0,0.0,2.97,0.08,0.08
Week,Teacher,All,11/08/21,0.0,0.0,0.0,0.0,0.0,0.0,0.0,0.0,0.0,0.0,0.0,0.0,0.0,0.0,0.0,0.0,0.0,0.0,0.0,0.0,0.0,0.0,0.0,0.0
Week,Teacher,All,11/01/21,0.07,0.0,0.0,0.0,0.0,0.0,0.0,0.0,0.0,0.0,0.0,0.0,0.0,0.0,0.0,0.0,0.0,0.0,0.0,0.0,0.0,10.87,0.07,0.07
Week,Teacher,All,10/25/21,0.1,0.0,0.0,0.0,0.0,0.0,0.0,0.0,0.0,0.0,0.0,0.0,0.0,0.0,0.0,0.0,0.0,0.0,0.0,0.0,0.0,4.95,0.1,0.1
Week,Teacher,All,10/18/21,2.35,0.0,0.0,0.0,0.0,0.0,0.0,0.0,0.0,0.0,0.0,0.0,0.0,0.0,0.0,0.0,0.0,0.0,0.0,0.0,0.0,14.92,2.35,2.35
Week,Teacher,All,10/11/21,1.35,0.0,0.0,0.0,0.0,0.0,0.0,0.0,0.0,0.0,0.0,0.0,0.0,0.0,0.0,0.0,0.0,0.0,0.0,0.0,0.0,9.93,1.35,1.35
Week,Teacher,All,10/04/21,0.83,0.0,0.0,0.0,0.0,0.0,0.0,0.0,0.0,0.0,0.0,0.0,0.0,0.0,0.0,0.0,0.0,0.0,0.0,0.0,0.0,28.82,0.83,0.83
Week,Teacher,All,09/27/21,6.05,2.58,0.02,0.0,0.0,0.0,0.0,0.0,0.0,0.0,0.0,0.0,0.0,0.0,0.0,0.0,0.0,0.0,0.0,0.0,0.0,42.22,11.27,8.65
Week,Teacher,All,09/20/21,8.08,0.78,0.0,0.0,0.0,0.0,0.0,0.0,0.0,0.0,0.0,0.0,0.0,0.0,0.0,0.0,0.0,0.0,0.0,0.0,0.0,33.47,9.65,8.87
Week,Teacher,All,09/13/21,0.0,0.0,0.0,0.0,0.0,0.0,0.0,0.0,0.0,0.0,0.0,0.0,0.0,0.0,0.0,0.0,0.0,0.0,0.0,0.0,0.0,0.0,0.0,0.0
Week,Teacher,All,09/06/21,0.82,0.05,0.0,0.0,0.0,0.0,0.0,0.0,0.0,0.0,0.0,0.0,0.0,0.0,0.0,0.0,0.0,0.0,0.0,0.0,0.0,11.27,0.92,0.87
Week,Teacher,All,08/30/21,10.65,1.98,0.0,0.0,0.0,0.0,0.0,0.0,0.0,0.0,0.0,0.0,0.0,0.0,0.0,0.0,0.0,0.0,0.0,0.0,0.0,49.92,14.62,12.63
Week,Teacher,All,08/23/21,19.88,2.1,0.0,0.0,0.0,0.0,0.0,0.0,0.0,0.0,0.0,0.0,0.0,0.0,0.0,0.0,0.0,0.0,0.0,0.0,0.0,41.68,24.08,21.98
Week,Teacher,All,08/16/21,16.32,6.82,0.0,0.0,0.0,0.0,0.0,0.0,0.0,0.0,0.0,0.0,0.0,0.0,0.0,0.0,0.0,0.0,0.0,0.0,0.0,43.87,29.95,23.13
Week,Teacher,All,08/09/21,4.25,0.0,0.0,0.0,0.0,0.0,0.0,0.0,0.0,0.0,0.0,0.0,0.0,0.0,0.0,0.0,0.0,0.0,0.0,0.0,0.0,40.98,4.25,4.25
Week,Teacher,All,08/02/21,25.9,0.0,0.0,0.0,0.0,0.0,0.0,0.0,0.0,0.0,0.0,0.0,0.0,0.0,0.0,0.0,0.0,0.0,0.0,0.0,0.0,60.47,25.9,25.9
Week,Teacher,All,07/26/21,17.52,4.03,0.0,0.0,0.0,0.0,0.0,0.0,0.0,0.0,0.0,0.0,0.0,0.0,0.0,0.0,0.0,0.0,0.0,0.0,0.0,52.53,25.58,21.55
Week,Teacher,All,07/19/21,12.95,1.7,0.0,0.0,0.0,0.0,0.0,0.0,0.0,0.0,0.0,0.0,0.0,0.0,0.0,0.0,0.0,0.0,0.0,0.0,0.0,39.08,16.35,14.65
Week,Teacher,All,07/12/21,10.37,0.0,0.0,0.0,0.0,0.0,0.0,0.0,0.0,0.0,0.0,0.0,0.0,0.0,0.0,0.0,0.0,0.0,0.0,0.0,0.0,44.12,10.37,10.37
Week,Teacher,All,07/05/21,5.02,0.95,0.0,0.0,0.0,0.0,0.0,0.0,0.0,0.0,0.0,0.0,0.0,0.0,0.0,0.0,0.0,0.0,0.0,0.0,0.0,24.4,6.92,5.97
Week,Teacher,All,06/28/21,0.0,0.0,0.0,0.0,0.0,0.0,0.0,0.0,0.0,0.0,0.0,0.0,0.0,0.0,0.0,0.0,0.0,0.0,0.0,0.0,0.0,0.0,0.0,0.0
Week,Teacher,All,06/21/21,0.22,0.0,0.0,0.0,0.0,0.0,0.0,0.0,0.0,0.0,0.0,0.0,0.0,0.0,0.0,0.0,0.0,0.0,0.0,0.0,0.0,0.63,0.22,0.22
Week,Teacher,All,06/14/21,5.97,0.0,0.0,0.0,0.0,0.0,0.0,0.0,0.0,0.0,0.0,0.0,0.0,0.0,0.0,0.0,0.0,0.0,0.0,0.0,0.0,14.7,5.97,5.97
Week,Teacher,All,06/07/21,3.57,0.0,0.0,0.0,0.0,0.0,0.0,0.0,0.0,0.0,0.0,0.0,0.0,0.0,0.0,0.0,0.0,0.0,0.0,0.0,0.0,4.92,3.57,3.57
Week,Teacher,All,05/31/21,15.42,15.3,2.28,0.27,0.0,0.0,0.0,0.0,0.0,0.0,0.0,0.0,0.0,0.0,0.0,0.0,0.0,0.0,0.0,0.0,0.0,52.35,53.93,33.27
Week,Teacher,All,05/24/21,24.63,0.23,0.0,0.0,0.0,0.0,0.0,0.0,0.0,0.0,0.0,0.0,0.0,0.0,0.0,0.0,0.0,0.0,0.0,0.0,0.0,69.83,25.1,24.87
Week,Teacher,All,05/17/21,22.2,0.57,0.0,0.0,0.0,0.0,0.0,0.0,0.0,0.0,0.0,0.0,0.0,0.0,0.0,0.0,0.0,0.0,0.0,0.0,0.0,65.22,23.33,22.77
Week,Teacher,All,05/10/21,7.6,2.72,0.0,0.0,0.0,0.0,0.0,0.0,0.0,0.0,0.0,0.0,0.0,0.0,0.0,0.0,0.0,0.0,0.0,0.0,0.0,31.73,13.03,10.32
Week,Teacher,All,05/03/21,11.75,5.63,0.0,0.0,0.0,0.0,0.0,0.0,0.0,0.0,0.0,0.0,0.0,0.0,0.0,0.0,0.0,0.0,0.0,0.0,0.0,57.45,23.02,17.38
Week,Teacher,All,04/26/21,8.22,0.53,0.0,0.0,0.0,0.0,0.0,0.0,0.0,0.0,0.0,0.0,0.0,0.0,0.0,0.0,0.0,0.0,0.0,0.0,0.0,51.35,9.28,8.75
Week,Teacher,All,04/19/21,19.93,3.58,0.03,0.0,0.0,0.0,0.0,0.0,0.0,0.0,0.0,0.0,0.0,0.0,0.0,0.0,0.0,0.0,0.0,0.0,0.0,53.5,27.2,23.55
Week,Teacher,All,04/12/21,18.82,0.78,0.0,0.0,0.0,0.0,0.0,0.0,0.0,0.0,0.0,0.0,0.0,0.0,0.0,0.0,0.0,0.0,0.0,0.0,0.0,35.03,20.38,19.6
Week,Teacher,All,04/05/21,0.0,0.0,0.0,0.0,0.0,0.0,0.0,0.0,0.0,0.0,0.0,0.0,0.0,0.0,0.0,0.0,0.0,0.0,0.0,0.0,0.0,0.0,0.0,0.0
Week,Teacher,All,03/29/21,0.0,0.0,0.0,0.0,0.0,0.0,0.0,0.0,0.0,0.0,0.0,0.0,0.0,0.0,0.0,0.0,0.0,0.0,0.0,0.0,0.0,0.0,0.0,0.0
Week,Teacher,All,03/22/21,9.2,3.48,0.08,0.0,0.0,0.0,0.0,0.0,0.0,0.0,0.0,0.0,0.0,0.0,0.0,0.0,0.0,0.0,0.0,0.0,0.0,33.28,16.42,12.77
Week,Teacher,All,03/15/21,8.08,0.2,0.0,0.0,0.0,0.0,0.0,0.0,0.0,0.0,0.0,0.0,0.0,0.0,0.0,0.0,0.0,0.0,0.0,0.0,0.0,31.72,8.48,8.28
Week,Teacher,All,03/08/21,8.57,10.05,0.0,0.0,0.0,0.0,0.0,0.0,0.0,0.0,0.0,0.0,0.0,0.0,0.0,0.0,0.0,0.0,0.0,0.0,0.0,23.63,28.67,18.62
Week,Teacher,All,03/01/21,9.7,2.08,0.0,0.0,0.0,0.0,0.0,0.0,0.0,0.0,0.0,0.0,0.0,0.0,0.0,0.0,0.0,0.0,0.0,0.0,0.0,33.32,13.87,11.78
Week,Teacher,All,02/22/21,12.28,0.0,0.0,0.0,0.0,0.0,0.0,0.0,0.0,0.0,0.0,0.0,0.0,0.0,0.0,0.0,0.0,0.0,0.0,0.0,0.0,30.4,12.28,12.28
Week,Teacher,All,02/15/21,3.37,0.0,0.0,0.0,0.0,0.0,0.0,0.0,0.0,0.0,0.0,0.0,0.0,0.0,0.0,0.0,0.0,0.0,0.0,0.0,0.0,15.23,3.37,3.37
Week,Teacher,All,02/08/21,4.75,0.0,0.0,0.0,0.0,0.0,0.0,0.0,0.0,0.0,0.0,0.0,0.0,0.0,0.0,0.0,0.0,0.0,0.0,0.0,0.0,28.58,4.75,4.75
Week,Teacher,All,02/01/21,17.15,0.0,0.0,0.0,0.0,0.0,0.0,0.0,0.0,0.0,0.0,0.0,0.0,0.0,0.0,0.0,0.0,0.0,0.0,0.0,0.0,31.3,17.15,17.15
Week,Teacher,All,01/25/21,16.23,7.3,0.0,0.0,0.0,0.0,0.0,0.0,0.0,0.0,0.0,0.0,0.0,0.0,0.0,0.0,0.0,0.0,0.0,0.0,0.0,36.98,30.83,23.53
Week,Teacher,All,01/18/21,16.28,4.67,0.0,0.0,0.0,0.0,0.0,0.0,0.0,0.0,0.0,0.0,0.0,0.0,0.0,0.0,0.0,0.0,0.0,0.0,0.0,30.9,25.62,20.95
Week,Teacher,All,01/11/21,12.03,0.0,0.0,0.0,0.0,0.0,0.0,0.0,0.0,0.0,0.0,0.0,0.0,0.0,0.0,0.0,0.0,0.0,0.0,0.0,0.0,27.52,12.03,12.03
Week,Teacher,All,01/04/21,3.48,1.18,0.0,0.0,0.0,0.0,0.0,0.0,0.0,0.0,0.0,0.0,0.0,0.0,0.0,0.0,0.0,0.0,0.0,0.0,0.0,6.37,5.85,4.67
Week,Teacher,All,12/28/20,0.0,0.0,0.0,0.0,0.0,0.0,0.0,0.0,0.0,0.0,0.0,0.0,0.0,0.0,0.0,0.0,0.0,0.0,0.0,0.0,0.0,0.0,0.0,0.0
Week,Teacher,All,12/21/20,0.0,0.0,0.0,0.0,0.0,0.0,0.0,0.0,0.0,0.0,0.0,0.0,0.0,0.0,0.0,0.0,0.0,0.0,0.0,0.0,0.0,0.0,0.0,0.0
Week,Teacher,All,12/14/20,13.28,2.48,0.17,0.0,0.0,0.0,0.0,0.0,0.0,0.0,0.0,0.0,0.0,0.0,0.0,0.0,0.0,0.0,0.0,0.0,0.0,20.57,18.75,15.93
Week,Teacher,All,12/07/20,2.22,4.23,1.13,0.0,0.0,0.0,0.0,0.0,0.0,0.0,0.0,0.0,0.0,0.0,0.0,0.0,0.0,0.0,0.0,0.0,0.0,9.1,14.08,7.58
Week,Teacher,All,11/30/20,3.13,0.0,0.0,0.0,0.0,0.0,0.0,0.0,0.0,0.0,0.0,0.0,0.0,0.0,0.0,0.0,0.0,0.0,0.0,0.0,0.0,27.45,3.13,3.13
Week,Teacher,All,11/23/20,2.3,0.0,0.0,0.0,0.0,0.0,0.0,0.0,0.0,0.0,0.0,0.0,0.0,0.0,0.0,0.0,0.0,0.0,0.0,0.0,0.0,56.73,2.3,2.3
Week,Teacher,All,11/16/20,6.75,0.0,0.0,0.0,0.0,0.0,0.0,0.0,0.0,0.0,0.0,0.0,0.0,0.0,0.0,0.0,0.0,0.0,0.0,0.0,0.0,75.88,6.75,6.75
Week,Teacher,All,11/09/20,2.33,0.02,0.0,0.0,0.0,0.0,0.0,0.0,0.0,0.0,0.0,0.0,0.0,0.0,0.0,0.0,0.0,0.0,0.0,0.0,0.0,57.6,2.37,2.35
Week,Teacher,All,11/02/20,13.15,2.73,0.0,0.0,0.0,0.0,0.0,0.0,0.0,0.0,0.0,0.0,0.0,0.0,0.0,0.0,0.0,0.0,0.0,0.0,0.0,57.28,18.62,15.88
Week,Teacher,All,10/26/20,3.15,0.4,0.0,0.0,0.0,0.0,0.0,0.0,0.0,0.0,0.0,0.0,0.0,0.0,0.0,0.0,0.0,0.0,0.0,0.0,0.0,9.93,3.95,3.55
Week,Teacher,All,10/19/20,0.1,0.0,0.0,0.0,0.0,0.0,0.0,0.0,0.0,0.0,0.0,0.0,0.0,0.0,0.0,0.0,0.0,0.0,0.0,0.0,0.0,21.88,0.1,0.1
Week,Teacher,All,10/12/20,7.22,4.92,0.57,0.0,0.0,0.0,0.0,0.0,0.0,0.0,0.0,0.0,0.0,0.0,0.0,0.0,0.0,0.0,0.0,0.0,0.0,50.78,18.75,12.7
Week,Teacher,All,10/05/20,21.75,0.27,0.0,0.0,0.0,0.0,0.0,0.0,0.0,0.0,0.0,0.0,0.0,0.0,0.0,0.0,0.0,0.0,0.0,0.0,0.0,52.02,22.28,22.02
Week,Teacher,All,09/28/20,10.15,1.55,0.0,0.0,0.0,0.0,0.0,0.0,0.0,0.0,0.0,0.0,0.0,0.0,0.0,0.0,0.0,0.0,0.0,0.0,0.0,44.55,13.25,11.7
Week,Teacher,All,09/21/20,4.77,3.58,1.17,0.93,0.3,0.0,0.0,0.0,0.0,0.0,0.0,0.0,0.0,0.0,0.0,0.0,0.0,0.0,0.0,0.0,0.0,28.02,20.67,10.75
Week,Teacher,All,09/14/20,18.52,3.57,1.03,0.0,0.0,0.0,0.0,0.0,0.0,0.0,0.0,0.0,0.0,0.0,0.0,0.0,0.0,0.0,0.0,0.0,0.0,36.57,28.75,23.12
Week,Teacher,All,09/07/20,14.22,0.6,0.17,0.0,0.0,0.0,0.0,0.0,0.0,0.0,0.0,0.0,0.0,0.0,0.0,0.0,0.0,0.0,0.0,0.0,0.0,33.38,15.92,14.98
Week,Teacher,All,08/31/20,0.0,0.0,0.0,0.0,0.0,0.0,0.0,0.0,0.0,0.0,0.0,0.0,0.0,0.0,0.0,0.0,0.0,0.0,0.0,0.0,0.0,0.0,0.0,0.0
Week,Teacher,All,08/24/20,5.63,1.6,1.08,0.0,0.0,0.0,0.0,0.0,0.0,0.0,0.0,0.0,0.0,0.0,0.0,0.0,0.0,0.0,0.0,0.0,0.0,26.58,12.08,8.32
Week,Teacher,All,08/17/20,11.03,0.0,0.0,0.0,0.0,0.0,0.0,0.0,0.0,0.0,0.0,0.0,0.0,0.0,0.0,0.0,0.0,0.0,0.0,0.0,0.0,38.63,11.03,11.03
Week,Teacher,All,08/10/20,7.78,5.85,0.15,0.0,0.0,0.0,0.0,0.0,0.0,0.0,0.0,0.0,0.0,0.0,0.0,0.0,0.0,0.0,0.0,0.0,0.0,30.65,19.93,13.78
Week,Teacher,All,08/03/20,0.0,0.0,0.0,0.0,0.0,0.0,0.0,0.0,0.0,0.0,0.0,0.0,0.0,0.0,0.0,0.0,0.0,0.0,0.0,0.0,0.0,0.0,0.0,0.0
Week,Teacher,All,07/27/20,0.0,0.0,0.0,0.0,0.0,0.0,0.0,0.0,0.0,0.0,0.0,0.0,0.0,0.0,0.0,0.0,0.0,0.0,0.0,0.0,0.0,0.0,0.0,0.0
Week,Teacher,All,07/20/20,14.38,4.2,1.5,0.0,0.0,0.0,0.0,0.0,0.0,0.0,0.0,0.0,0.0,0.0,0.0,0.0,0.0,0.0,0.0,0.0,0.0,51.45,27.28,20.08
Week,Teacher,All,07/13/20,15.47,6.4,0.43,0.73,0.0,0.0,0.0,0.0,0.0,0.0,0.0,0.0,0.0,0.0,0.0,0.0,0.0,0.0,0.0,0.0,0.0,36.27,32.5,23.03
Week,Teacher,All,07/06/20,0.83,0.0,0.0,0.0,0.0,0.0,0.0,0.0,0.0,0.0,0.0,0.0,0.0,0.0,0.0,0.0,0.0,0.0,0.0,0.0,0.0,15.55,0.83,0.83
Week,Teacher,All,06/29/20,7.98,3.88,2.03,1.82,0.08,0.0,0.0,0.0,0.0,0.0,0.0,0.0,0.0,0.0,0.0,0.0,0.0,0.0,0.0,0.0,0.0,41.45,29.53,15.8
Week,Teacher,All,06/22/20,0.0,0.0,0.0,0.0,0.0,0.0,0.0,0.0,0.0,0.0,0.0,0.0,0.0,0.0,0.0,0.0,0.0,0.0,0.0,0.0,0.0,0.0,0.0,0.0
Week,Teacher,All,06/15/20,0.0,0.0,0.0,0.0,0.0,0.0,0.0,0.0,0.0,0.0,0.0,0.0,0.0,0.0,0.0,0.0,0.0,0.0,0.0,0.0,0.0,0.0,0.0,0.0
Week,Teacher,All,06/08/20,0.0,0.0,0.0,0.0,0.0,0.0,0.0,0.0,0.0,0.0,0.0,0.0,0.0,0.0,0.0,0.0,0.0,0.0,0.0,0.0,0.0,0.0,0.0,0.0
Week,Teacher,All,06/01/20,0.0,0.0,0.0,0.0,0.0,0.0,0.0,0.0,0.0,0.0,0.0,0.0,0.0,0.0,0.0,0.0,0.0,0.0,0.0,0.0,0.0,0.0,0.0,0.0
Week,Teacher,All,05/25/20,0.0,0.0,0.0,0.0,0.0,0.0,0.0,0.0,0.0,0.0,0.0,0.0,0.0,0.0,0.0,0.0,0.0,0.0,0.0,0.0,0.0,0.0,0.0,0.0
Week,Teacher,All,05/18/20,0.0,0.0,0.0,0.0,0.0,0.0,0.0,0.0,0.0,0.0,0.0,0.0,0.0,0.0,0.0,0.0,0.0,0.0,0.0,0.0,0.0,0.0,0.0,0.0
Week,Teacher,All,05/11/20,0.0,0.0,0.0,0.0,0.0,0.0,0.0,0.0,0.0,0.0,0.0,0.0,0.0,0.0,0.0,0.0,0.0,0.0,0.0,0.0,0.0,0.0,0.0,0.0
Week,Teacher,All,05/04/20,0.0,0.0,0.0,0.0,0.0,0.0,0.0,0.0,0.0,0.0,0.0,0.0,0.0,0.0,0.0,0.0,0.0,0.0,0.0,0.0,0.0,0.0,0.0,0.0
Week,Teacher,All,04/27/20,0.0,0.0,0.0,0.0,0.0,0.0,0.0,0.0,0.0,0.0,0.0,0.0,0.0,0.0,0.0,0.0,0.0,0.0,0.0,0.0,0.0,0.0,0.0,0.0
Week,Teacher,All,04/20/20,0.0,0.0,0.0,0.0,0.0,0.0,0.0,0.0,0.0,0.0,0.0,0.0,0.0,0.0,0.0,0.0,0.0,0.0,0.0,0.0,0.0,0.0,0.0,0.0
Week,Teacher,All,04/13/20,0.0,0.0,0.0,0.0,0.0,0.0,0.0,0.0,0.0,0.0,0.0,0.0,0.0,0.0,0.0,0.0,0.0,0.0,0.0,0.0,0.0,0.0,0.0,0.0
Week,Teacher,All,04/06/20,0.0,0.0,0.0,0.0,0.0,0.0,0.0,0.0,0.0,0.0,0.0,0.0,0.0,0.0,0.0,0.0,0.0,0.0,0.0,0.0,0.0,0.0,0.0,0.0
Week,Teacher,All,03/30/20,0.0,0.0,0.0,0.0,0.0,0.0,0.0,0.0,0.0,0.0,0.0,0.0,0.0,0.0,0.0,0.0,0.0,0.0,0.0,0.0,0.0,0.0,0.0,0.0
Week,Teacher,All,03/23/20,0.0,0.0,0.0,0.0,0.0,0.0,0.0,0.0,0.0,0.0,0.0,0.0,0.0,0.0,0.0,0.0,0.0,0.0,0.0,0.0,0.0,0.0,0.0,0.0
Week,Teacher,All,03/16/20,5.62,1.57,0.03,0.0,0.0,0.0,0.0,0.0,0.0,0.0,0.0,0.0,0.0,0.0,0.0,0.0,0.0,0.0,0.0,0.0,0.0,14.12,8.85,7.22
Week,Teacher,All,03/09/20,15.85,6.25,2.08,0.35,0.0,0.0,0.0,0.0,0.0,0.0,0.0,0.0,0.0,0.0,0.0,0.0,0.0,0.0,0.0,0.0,0.0,33.73,36.0,24.53
Week,Teacher,All,03/02/20,6.88,4.08,0.53,0.0,0.0,0.0,0.0,0.0,0.0,0.0,0.0,0.0,0.0,0.0,0.0,0.0,0.0,0.0,0.0,0.0,0.0,32.02,16.65,11.5
Week,Teacher,All,02/24/20,16.23,3.97,2.02,0.0,0.0,0.0,0.0,0.0,0.0,0.0,0.0,0.0,0.0,0.0,0.0,0.0,0.0,0.0,0.0,0.0,0.0,42.03,30.22,22.22
Week,Teacher,All,02/17/20,14.38,3.55,0.0,0.0,0.0,0.0,0.0,0.0,0.0,0.0,0.0,0.0,0.0,0.0,0.0,0.0,0.0,0.0,0.0,0.0,0.0,31.55,21.48,17.93
Week,Teacher,All,02/10/20,17.43,6.63,0.83,0.0,0.0,0.0,0.0,0.0,0.0,0.0,0.0,0.0,0.0,0.0,0.0,0.0,0.0,0.0,0.0,0.0,0.0,33.02,33.2,24.9
Week,Teacher,All,02/03/20,8.92,4.32,0.37,0.0,0.0,0.0,0.0,0.0,0.0,0.0,0.0,0.0,0.0,0.0,0.0,0.0,0.0,0.0,0.0,0.0,0.0,25.2,18.65,13.6
Week,Teacher,All,01/27/20,10.77,0.13,0.0,0.0,0.0,0.0,0.0,0.0,0.0,0.0,0.0,0.0,0.0,0.0,0.0,0.0,0.0,0.0,0.0,0.0,0.0,25.9,11.03,10.9
Week,Teacher,All,01/20/20,7.07,0.0,0.0,0.0,0.0,0.0,0.0,0.0,0.0,0.0,0.0,0.0,0.0,0.0,0.0,0.0,0.0,0.0,0.0,0.0,0.0,32.0,7.07,7.07
Week,Teacher,All,01/13/20,3.28,0.0,0.0,0.0,0.0,0.0,0.0,0.0,0.0,0.0,0.0,0.0,0.0,0.0,0.0,0.0,0.0,0.0,0.0,0.0,0.0,25.47,3.28,3.28
Week,Teacher,All,01/06/20,12.15,1.53,0.15,0.0,0.0,0.0,0.0,0.0,0.0,0.0,0.0,0.0,0.0,0.0,0.0,0.0,0.0,0.0,0.0,0.0,0.0,23.38,15.67,13.83
Week,Teacher,All,12/30/19,0.0,0.0,0.0,0.0,0.0,0.0,0.0,0.0,0.0,0.0,0.0,0.0,0.0,0.0,0.0,0.0,0.0,0.0,0.0,0.0,0.0,0.0,0.0,0.0
Week,Teacher,All,12/23/19,0.0,0.0,0.0,0.0,0.0,0.0,0.0,0.0,0.0,0.0,0.0,0.0,0.0,0.0,0.0,0.0,0.0,0.0,0.0,0.0,0.0,0.0,0.0,0.0
Week,Teacher,All,12/16/19,0.0,0.0,0.0,0.0,0.0,0.0,0.0,0.0,0.0,0.0,0.0,0.0,0.0,0.0,0.0,0.0,0.0,0.0,0.0,0.0,0.0,0.0,0.0,0.0
Week,Teacher,All,12/09/19,0.0,0.0,0.0,0.0,0.0,0.0,0.0,0.0,0.0,0.0,0.0,0.0,0.0,0.0,0.0,0.0,0.0,0.0,0.0,0.0,0.0,0.0,0.0,0.0
Week,Teacher,All,12/02/19,2.57,0.0,0.0,0.0,0.0,0.0,0.0,0.0,0.0,0.0,0.0,0.0,0.0,0.0,0.0,0.0,0.0,0.0,0.0,0.0,0.0,6.1,2.57,2.57
Week,Teacher,All,11/25/19,0.0,0.0,0.0,0.0,0.0,0.0,0.0,0.0,0.0,0.0,0.0,0.0,0.0,0.0,0.0,0.0,0.0,0.0,0.0,0.0,0.0,0.1,0.0,0.0
Week,Teacher,All,11/18/19,4.43,0.0,0.0,0.0,0.0,0.0,0.0,0.0,0.0,0.0,0.0,0.0,0.0,0.0,0.0,0.0,0.0,0.0,0.0,0.0,0.0,34.73,4.43,4.43
Week,Teacher,All,11/11/19,16.28,0.75,0.23,0.0,0.0,0.0,0.0,0.0,0.0,0.0,0.0,0.0,0.0,0.0,0.0,0.0,0.0,0.0,0.0,0.0,0.0,31.42,18.48,17.27
Week,Teacher,All,11/04/19,7.17,0.72,0.0,0.0,0.0,0.0,0.0,0.0,0.0,0.0,0.0,0.0,0.0,0.0,0.0,0.0,0.0,0.0,0.0,0.0,0.0,37.75,8.6,7.88
Week,Teacher,All,10/28/19,5.62,1.82,0.47,0.0,0.0,0.0,0.0,0.0,0.0,0.0,0.0,0.0,0.0,0.0,0.0,0.0,0.0,0.0,0.0,0.0,0.0,36.17,10.65,7.9
Week,Teacher,All,10/21/19,10.03,2.12,0.33,0.0,0.0,0.0,0.0,0.0,0.0,0.0,0.0,0.0,0.0,0.0,0.0,0.0,0.0,0.0,0.0,0.0,0.0,37.77,15.27,12.48
Week,Teacher,All,10/14/19,7.92,2.62,0.75,0.0,0.0,0.0,0.0,0.0,0.0,0.0,0.0,0.0,0.0,0.0,0.0,0.0,0.0,0.0,0.0,0.0,0.0,25.88,15.4,11.28
Week,Teacher,All,10/07/19,7.35,3.27,0.02,0.0,0.0,0.0,0.0,0.0,0.0,0.0,0.0,0.0,0.0,0.0,0.0,0.0,0.0,0.0,0.0,0.0,0.0,35.97,13.93,10.63
Week,Teacher,All,09/30/19,7.78,0.47,0.0,0.0,0.0,0.0,0.0,0.0,0.0,0.0,0.0,0.0,0.0,0.0,0.0,0.0,0.0,0.0,0.0,0.0,0.0,30.28,8.72,8.25
Week,Teacher,All,09/23/19,11.2,2.72,0.5,0.0,0.0,0.0,0.0,0.0,0.0,0.0,0.0,0.0,0.0,0.0,0.0,0.0,0.0,0.0,0.0,0.0,0.0,28.0,18.13,14.42
Week,Teacher,All,09/16/19,19.9,3.47,1.53,0.0,0.0,0.0,0.0,0.0,0.0,0.0,0.0,0.0,0.0,0.0,0.0,0.0,0.0,0.0,0.0,0.0,0.0,33.78,31.43,24.9
Week,Teacher,All,09/09/19,12.98,5.75,3.93,0.55,0.22,0.2,0.02,0.03,0.02,0.02,0.0,0.02,0.0,0.0,0.0,0.0,0.0,0.0,0.0,0.0,0.0,35.73,41.67,23.73
Week,Teacher,All,09/02/19,8.68,2.75,0.33,0.0,0.0,0.0,0.0,0.0,0.0,0.0,0.0,0.0,0.0,0.0,0.0,0.0,0.0,0.0,0.0,0.0,0.0,37.55,15.18,11.77
Week,Teacher,All,08/29/19,2.3,1.15,0.75,0.0,0.0,0.0,0.0,0.0,0.0,0.0,0.0,0.0,0.0,0.0,0.0,0.0,0.0,0.0,0.0,0.0,0.0,7.63,6.85,4.2
